# Compound Builder (set 01): 2-character compounds; gloss_1 / gloss_2 = per-character literal meaning.													
# Compounds course: gloss_1/gloss_2 = per-character meaning; etymology_1/uncle_hanzi_1/uncle_decomp_1 = first character; etymology_2/uncle_hanzi_2/uncle_decomp_2 = second character.													
hanzi	rank	pinyin	english	gloss_1	gloss_2	example_word	etymology_1	uncle_hanzi_1	uncle_decomp_1	etymology_2	uncle_hanzi_2	uncle_decomp_2	dictionary_entries	
电话	1,20	diàn huà	telephone; phone call	electricity	speech	电话	Simplified form of 電; lightning 申 from a storm cloud 雨				A spoken 讠 tongue 舌; 舌 also provides the pronunciation		Compound 話 older 䛡 mutant 諙 | from mouth-speak (讠)訁 yán and | (rem- 昏 hūn)(rem- 舌 shé) from | related phonetic put-in-mouth 𠯑 guā | (rem- 曰 yuē) | C228 話<諙> simp 话.	"[{""character"":""电"",""dictionary"":{""character"":""电"",""definition"":""electricity; electric; lightning"",""pinyin"":[""diàn""],""decomposition"":""⿻曰乚"",""etymology"":{""type"":""ideographic"",""hint"":""Simplified form of 電; lightning 申 from a storm cloud 雨""},""radical"":""曰"",""matches"":[[0],[0],[0],[0],[1]]}},{""character"":""话"",""dictionary"":{""character"":""话"",""definition"":""talk, speech; language, dialect"",""pinyin"":[""huà""],""decomposition"":""⿰讠舌"",""etymology"":{""type"":""ideographic"",""hint"":""A spoken 讠 tongue 舌; 舌 also provides the pronunciation""},""radical"":""讠"",""matches"":[[0],[0],[1],[1],[1],[1],[1],[1]]}}]"
手机	2,21	shǒu jī	mobile phone; cellphone	hand	machine	手机	A hand with the fingers splayed					from tree 木 mù and | phonetic stool-loom (几)幾 jǐ | simp 机.	"[{""character"":""手"",""dictionary"":{""character"":""手"",""definition"":""hand"",""pinyin"":[""shǒu""],""decomposition"":""？"",""etymology"":{""type"":""pictographic"",""hint"":""A hand with the fingers splayed""},""radical"":""手"",""matches"":[null,null,null,null]}},{""character"":""机"",""dictionary"":{""character"":""机"",""definition"":""desk; machine; moment, opportunity"",""pinyin"":[""jī""],""decomposition"":""⿰木几"",""etymology"":{""type"":""ideographic"",""hint"":""A table 几 made of wood 木; 几 also provides the pronunciation""},""radical"":""木"",""matches"":[[0],[0],[0],[0],[1],[1]]}}]"	
火山	3,22	huǒ shān	volcano	fire	mountain	火山		a fire | context 灬		Three mountain peaks			"[{""character"":""火"",""dictionary"":{""character"":""火"",""definition"":""fire, flame; to burn; anger, rage"",""pinyin"":[""huǒ""],""decomposition"":""⿻丷人"",""etymology"":{""type"":""pictographic"",""hint"":""Flames""},""radical"":""火"",""matches"":[[0],[0],[1],[1]]}},{""character"":""山"",""dictionary"":{""character"":""山"",""definition"":""mountain, hill, peak"",""pinyin"":[""shān""],""decomposition"":""⿶凵丨"",""etymology"":{""type"":""pictographic"",""hint"":""Three mountain peaks""},""radical"":""山"",""matches"":[[1],[0],[0]]}}]"	
中国	4,23	zhōng guó	China	middle	country	中国	A line 丨 through the center of a box 口			Treasure 玉 within a country's borders 囗			"[{""character"":""中"",""dictionary"":{""character"":""中"",""definition"":""central; center, middle; amidst; to hit (target), to attain; China; Chinese"",""pinyin"":[""zhōng""],""decomposition"":""⿻口丨"",""etymology"":{""type"":""ideographic"",""hint"":""A line 丨 through the center of a box 口""},""radical"":""丨"",""matches"":[[0],[0],[0],[1]]}},{""character"":""国"",""dictionary"":{""character"":""国"",""definition"":""country, nation, state; national"",""pinyin"":[""guó""],""decomposition"":""⿴囗玉"",""etymology"":{""type"":""ideographic"",""hint"":""Treasure 玉 within a country's borders 囗""},""radical"":""囗"",""matches"":[[0],[0],[1],[1],[1],[1],[1],[0]]}}]"	
北京	5,24	běi jīng	Beijing	north	capital	北京		the back 北 faces north 北 when looking at the sundial). | two men back to back		A capital building on a hill			"[{""character"":""北"",""dictionary"":{""character"":""北"",""definition"":""north; northern; northward"",""pinyin"":[""běi""],""decomposition"":""⿰？匕"",""etymology"":{""type"":""pictographic"",""hint"":""Two people 匕 sitting back-to-back; phonetic loan for \""north\""""},""radical"":""匕"",""matches"":[null,null,null,[1],[1]]}},{""character"":""京"",""dictionary"":{""character"":""京"",""definition"":""capital city"",""pinyin"":[""jīng""],""decomposition"":""⿳亠口小"",""etymology"":{""type"":""pictographic"",""hint"":""A capital building on a hill""},""radical"":""亠"",""matches"":[[0],[0],[1],[1],[1],[2],[2],[2]]}}]"	
上海	6,25	shàng hǎi	Shanghai	up	sea	上海		a mark above the line indicating up				Compound 海 from three-dot-water 氵 shuǐ and woman's-hair 每 měi	"[{""character"":""上"",""dictionary"":{""character"":""上"",""definition"":""above, on top, superior; to go up; to attend; previous"",""pinyin"":[""shàng""],""decomposition"":""⿱⺊一"",""etymology"":{""type"":""ideographic"",""hint"":""One stroke on top of another; compare 下 (below)""},""radical"":""一"",""matches"":[[0],[0],[1]]}},{""character"":""海"",""dictionary"":{""character"":""海"",""definition"":""sea, ocean; maritime"",""pinyin"":[""hǎi""],""decomposition"":""⿰氵每"",""etymology"":{""type"":""pictophonetic"",""phonetic"":""每"",""semantic"":""氵"",""hint"":""water""},""radical"":""氵"",""matches"":[[0],[0],[0],[1],[1],[1],[1],[1],[1],[1]]}}]"	
大学	7,26	dà xué	university; college	big	study	大学	A man 人 with outstretched arms			A building 冖 where children 子 study; ⺍ provides the pronunciation			"[{""character"":""大"",""dictionary"":{""character"":""大"",""definition"":""big, great, vast, high, deep"",""pinyin"":[""dà""],""decomposition"":""⿻一人"",""etymology"":{""type"":""ideographic"",""hint"":""A man 人 with outstretched arms""},""radical"":""大"",""matches"":[[0],[1],[1]]}},{""character"":""学"",""dictionary"":{""character"":""学"",""definition"":""learning, knowledge, science; to study, to go to school; -ology"",""pinyin"":[""xué""],""decomposition"":""⿱⿱⺍冖子"",""etymology"":{""type"":""ideographic"",""hint"":""A building 冖 where children 子 study; ⺍ provides the pronunciation""},""radical"":""子"",""matches"":[[0,0],[0,0],[0,0],[0,1],[0,1],[1],[1],[1]]}}]"	
老师	8,27	lǎo shī	teacher	old	master/teacher	老师		an old man with long hair-lao 耂 leaning on a cane 匕		To skillfully wield 帀 a knife 刂			"[{""character"":""老"",""dictionary"":{""character"":""老"",""definition"":""old, aged; experienced"",""pinyin"":[""lǎo""],""decomposition"":""⿱耂匕"",""etymology"":{""type"":""pictographic"",""hint"":""A person bent over with long hair 匕 and a crutch; compare 耂""},""radical"":""老"",""matches"":[[0],[0],[0],[0],[1],[1]]}},{""character"":""师"",""dictionary"":{""character"":""师"",""definition"":""teacher, professional, master"",""pinyin"":[""shī""],""decomposition"":""⿰刂帀"",""etymology"":{""type"":""ideographic"",""hint"":""To skillfully wield 帀 a knife 刂""},""radical"":""巾"",""matches"":[[0],[0],[1],[1],[1],[1]]}}]"	
学生	9,28	xué shēng	student	study	life/birth	学生	A building 冖 where children 子 study; ⺍ provides the pronunciation			A shoot 屮 growing in the soil 土			"[{""character"":""学"",""dictionary"":{""character"":""学"",""definition"":""learning, knowledge, science; to study, to go to school; -ology"",""pinyin"":[""xué""],""decomposition"":""⿱⿱⺍冖子"",""etymology"":{""type"":""ideographic"",""hint"":""A building 冖 where children 子 study; ⺍ provides the pronunciation""},""radical"":""子"",""matches"":[[0,0],[0,0],[0,0],[0,1],[0,1],[1],[1],[1]]}},{""character"":""生"",""dictionary"":{""character"":""生"",""definition"":""life, lifetime; birth; growth"",""pinyin"":[""shēng""],""decomposition"":""⿻一土"",""etymology"":{""type"":""ideographic"",""hint"":"" A shoot 屮 growing in the soil 土""},""radical"":""生"",""matches"":[null,[0],[1],[1],[1]]}}]"	
同学	10,29	tóng xué	classmate	same	study	同学			Component 同 | from sail 凡 fán and | mouth 口 kǒu  | name- together 同 tóng	A building 冖 where children 子 study; ⺍ provides the pronunciation	爻 indicates what is written	Component 學 | from (rem- 子 zi) and | (rem- (龸)𦥯 xué). | from two-hands 𦥑 jú and | (rem- 爻 yáo) and | character-zi 字 zì | simp 学. | (name- child-learn (学)學 xué)	"[{""character"":""同"",""dictionary"":{""character"":""同"",""definition"":""same, similar; together with, alike"",""pinyin"":[""tóng""],""decomposition"":""⿵凡口"",""etymology"":{""type"":""ideographic"",""hint"":""Sharing a common 凡 tongue 口""},""radical"":""口"",""matches"":[[0],[0],[0],[1],[1],[1]]}},{""character"":""学"",""dictionary"":{""character"":""学"",""definition"":""learning, knowledge, science; to study, to go to school; -ology"",""pinyin"":[""xué""],""decomposition"":""⿱⿱⺍冖子"",""etymology"":{""type"":""ideographic"",""hint"":""A building 冖 where children 子 study; ⺍ provides the pronunciation""},""radical"":""子"",""matches"":[[0,0],[0,0],[0,0],[0,1],[0,1],[1],[1],[1]]}}]"	
今天	11,30	jīn tiān	today	now	day/sky	今天	A mouth 亼 talking about things			The heavens 一 above a man 大			"[{""character"":""今"",""dictionary"":{""character"":""今"",""definition"":""modern, current; today, now"",""pinyin"":[""jīn""],""decomposition"":""⿱人？"",""etymology"":{""type"":""ideographic"",""hint"":""A mouth 亼 talking about things""},""radical"":""人"",""matches"":[[0],[0],null,null]}},{""character"":""天"",""dictionary"":{""character"":""天"",""definition"":""sky, heaven; god, celestial"",""pinyin"":[""tiān""],""decomposition"":""⿱一大"",""etymology"":{""type"":""ideographic"",""hint"":""The heavens 一 above a man 大""},""radical"":""大"",""matches"":[[0],[1],[1],[1]]}}]"	
天气	12,31	tiān qì	weather	sky/day	air/energy	天气	The heavens 一 above a man 大				pictograph of a cloud		"[{""character"":""天"",""dictionary"":{""character"":""天"",""definition"":""sky, heaven; god, celestial"",""pinyin"":[""tiān""],""decomposition"":""⿱一大"",""etymology"":{""type"":""ideographic"",""hint"":""The heavens 一 above a man 大""},""radical"":""大"",""matches"":[[0],[1],[1],[1]]}},{""character"":""气"",""dictionary"":{""character"":""气"",""definition"":""air, gas; steam, vapor; anger"",""pinyin"":[""qì""],""decomposition"":""⿱亻？"",""etymology"":{""type"":""ideographic"",""hint"":""A person 亻 breathing air""},""radical"":""气"",""matches"":[[0],[0],null,null]}}]"	
飞机	13,32	fēi jī	airplane	fly	machine	飞机	A bird flapping its wings					Compound 機 | from tree 木 mù and | phonetic stool-loom (几)幾 jǐ	"[{""character"":""飞"",""dictionary"":{""character"":""飞"",""definition"":""to fly, to dart; high"",""pinyin"":[""fēi""],""decomposition"":""⿻？？"",""etymology"":{""type"":""pictographic"",""hint"":""A bird flapping its wings""},""radical"":""飞"",""matches"":[null,null,null]}},{""character"":""机"",""dictionary"":{""character"":""机"",""definition"":""desk; machine; moment, opportunity"",""pinyin"":[""jī""],""decomposition"":""⿰木几"",""etymology"":{""type"":""ideographic"",""hint"":""A table 几 made of wood 木; 几 also provides the pronunciation""},""radical"":""木"",""matches"":[[0],[0],[0],[0],[1],[1]]}}]"	
电脑	14,33	diàn nǎo	computer	electricity	brain	电脑	Simplified form of 電; lightning 申 from a storm cloud 雨			The meat ⺼肉 ròu in the head 㐫 nǎo			"[{""character"":""电"",""dictionary"":{""character"":""电"",""definition"":""electricity; electric; lightning"",""pinyin"":[""diàn""],""decomposition"":""⿻曰乚"",""etymology"":{""type"":""ideographic"",""hint"":""Simplified form of 電; lightning 申 from a storm cloud 雨""},""radical"":""曰"",""matches"":[[0],[0],[0],[0],[1]]}},{""character"":""脑"",""dictionary"":{""character"":""脑"",""definition"":""brain"",""pinyin"":[""nǎo""],""decomposition"":""⿰⺼⿱亠凶"",""etymology"":{""type"":""pictophonetic"",""semantic"":""⺼"",""hint"":""flesh""},""radical"":""⺼"",""matches"":[[0],[0],[0],[0],[1,0],[1,0],[1,1],[1,1],[1,1],[1,1]]}}]"	
眼镜	15,34	yǎn jìng	glasses	eye	mirror/lens	眼镜			Compound 眼 from eye 目 mù and | phonetic person-look-away 艮𥃩 gěn.			Compound 鏡 | from metal-bell (钅)釒 jīn and | phonetic finally-jing 竟 jìng	"[{""character"":""眼"",""dictionary"":{""character"":""眼"",""definition"":""eyelet, hole, opening"",""pinyin"":[""yǎn""],""decomposition"":""⿰目艮"",""etymology"":{""type"":""pictophonetic"",""phonetic"":""艮"",""semantic"":""目"",""hint"":""eye""},""radical"":""目"",""matches"":[[0],[0],[0],[0],[0],[1],[1],[1],[1],[1],[1]]}},{""character"":""镜"",""dictionary"":{""character"":""镜"",""definition"":""mirror, glass; lens, glasses"",""pinyin"":[""jìng""],""decomposition"":""⿰钅竟"",""etymology"":{""type"":""pictophonetic"",""phonetic"":""竟"",""semantic"":""钅"",""hint"":""metal""},""radical"":""钅"",""matches"":[[0],[0],[0],[0],[0],[1],[1],[1],[1],[1],[1],[1],[1],[1],[1],[1]]}}]"	
火车	16,35	huǒ chē	train	fire	vehicle	火车		a fire | context 灬		Simplified form of 車, a cart with two wheels, seen from above			"[{""character"":""火"",""dictionary"":{""character"":""火"",""definition"":""fire, flame; to burn; anger, rage"",""pinyin"":[""huǒ""],""decomposition"":""⿻丷人"",""etymology"":{""type"":""pictographic"",""hint"":""Flames""},""radical"":""火"",""matches"":[[0],[0],[1],[1]]}},{""character"":""车"",""dictionary"":{""character"":""车"",""definition"":""cart, vehicle; to move in a cart"",""pinyin"":[""chē""],""decomposition"":""⿻七十"",""etymology"":{""type"":""pictographic"",""hint"":""Simplified form of 車, a cart with two wheels, seen from above""},""radical"":""车"",""matches"":[[0],[0],[1],[1]]}}]"	
地铁	17,36	dì tiě	subway	earth	iron	地铁			Compound 地 | from potters-clay 土 tǔ and | phonetic snake 也 yě			from metal-bell (钅)釒 jīn and | phonetic big 𢧤 zhì | simp 铁.	"[{""character"":""地"",""dictionary"":{""character"":""地"",""definition"":""earth, ground, soil; land, region; structural particle used before a verb"",""pinyin"":[""de""],""decomposition"":""⿰土也"",""etymology"":{""type"":""pictophonetic"",""phonetic"":""也"",""semantic"":""土"",""hint"":""earth""},""radical"":""土"",""matches"":[[0],[0],[0],[1],[1],[1]]}},{""character"":""铁"",""dictionary"":{""character"":""铁"",""definition"":""iron; strong, solid, firm"",""pinyin"":[""tiě""],""decomposition"":""⿰钅失"",""etymology"":{""type"":""pictophonetic"",""phonetic"":""失"",""semantic"":""钅"",""hint"":""metal""},""radical"":""钅"",""matches"":[[0],[0],[0],[0],[0],[1],[1],[1],[1],[1]]}}]"	
书包	18,37	shū bāo	schoolbag	book	bag	书包			brush-ink-book (书)書𦘠 shū)			person-hold 勹 bāo and | baby 巳 sì.	"[{""character"":""书"",""dictionary"":{""character"":""书"",""definition"":""book, letter, document; writing"",""pinyin"":[""shū""],""decomposition"":""⿻？丨"",""etymology"":{""type"":""ideographic"",""hint"":""A mark made by a pen ⺺""},""radical"":""丨"",""matches"":[null,null,[1],null]}},{""character"":""包"",""dictionary"":{""character"":""包"",""definition"":""wrap, pack, bundle; package"",""pinyin"":[""bāo""],""decomposition"":""⿹勹巳"",""etymology"":{""type"":""ideographic"",""hint"":""To swaddle 勹 a baby 巳; 勹 also provides the pronunciation""},""radical"":""勹"",""matches"":[[0],[0],[1],[1],[1]]}}]"	
牛奶	19,38	niú nǎi	milk	cow	milk/dairy	牛奶		a cows' head, horns and ears			from female 女 and 乃 remnant of woman's breasts - see 孕 yùn pregnant		"[{""character"":""牛"",""dictionary"":{""character"":""牛"",""definition"":""ox, cow, bull"",""pinyin"":[""niú""],""decomposition"":""？"",""etymology"":{""type"":""pictographic"",""hint"":""An ox's horned head""},""radical"":""牛"",""matches"":[null,null,null,null]}},{""character"":""奶"",""dictionary"":{""character"":""奶"",""definition"":""milk; breasts; nurse, grandmother"",""pinyin"":[""nǎi""],""decomposition"":""⿰女乃"",""etymology"":{""type"":""pictophonetic"",""phonetic"":""乃"",""semantic"":""女"",""hint"":""woman""},""radical"":""女"",""matches"":[[0],[0],[0],[1],[1]]}}]"	

