# Emotions (set 01): most common everyday feelings (happy, sad, angry, afraid, love, tired, hungry, thirsty).
# Emotions course: etymology_1/uncle_hanzi_1/uncle_decomp_1 = first character; etymology_2/uncle_hanzi_2/uncle_decomp_2 = second character (duplicate when both characters are the same).
hanzi	rank	pinyin	english	example_word	etymology_1	uncle_hanzi_1	uncle_decomp_1	etymology_2	uncle_hanzi_2	uncle_decomp_2	dictionary_entries
高兴	1,12	gāoxìng	happy; glad	高兴	A tall palace	tall building	Component 高 | (name- building-tall 高 gāo)			Compound 興 | from four-hands 舁 yú and | together 同 tóng | A276 兴[興] | new-char 兴. | (name- four-hands-together (兴)興 xìng)	"[{""character"":""高"",""dictionary"":{""character"":""高"",""definition"":""tall, lofty; high, elevated"",""pinyin"":[""gāo""],""decomposition"":""⿳亠口冋"",""etymology"":{""type"":""pictographic"",""hint"":""A tall palace""},""radical"":""高"",""matches"":[[0],[0],[1],[1],[1],[2],[2],[2],[2],[2]]}},{""character"":""兴"",""dictionary"":{""character"":""兴"",""definition"":""to thrive, to prosper, to flourish"",""pinyin"":[""xìng""],""decomposition"":""⿳⺍一八"",""radical"":""八"",""matches"":[[0],[0],[0],[1],[2],[2]]}}]"
快乐	2,13	kuàilè	happy; joyful	快乐	A decisive 夬 will 忄; 夬 also provides the pronunciation	the heart 忄 is quick 夬叏 like hands and feet	Compound 快 | from heart 忄 xīn and | related phonetic foot-hand 夬叏 guài | name- quick 快 kuài.	Simplified form of 樂, a musical instrument with wood 木, strings 幺, and a pick 白	believed to be some drums on a wooden rack, Chinese zither	Component 樂 | from two-threads 𢆶 yōu and | (rem- 白 bái) and | tree 木 mù | B057 乐[樂] new-char 乐. | (name- music (乐)樂 lè)	"[{""character"":""快"",""dictionary"":{""character"":""快"",""definition"":""speedy, rapid, quick; soon"",""pinyin"":[""kuài""],""decomposition"":""⿰忄夬"",""etymology"":{""type"":""ideographic"",""hint"":""A decisive 夬 will 忄; 夬 also provides the pronunciation""},""radical"":""忄"",""matches"":[[0],[0],[0],[1],[1],[1],[1]]}},{""character"":""乐"",""dictionary"":{""character"":""乐"",""definition"":""cheerful, happy, laughing; music"",""pinyin"":[""lè""],""decomposition"":""⿻⿱丿？小"",""etymology"":{""type"":""ideographic"",""hint"":""Simplified form of 樂, a musical instrument with wood 木, strings 幺, and a pick 白""},""radical"":""丿"",""matches"":[[0,0],null,[1],[1],[1]]}}]"
开心	3,14	kāixīn	happy; cheerful	开心	Simplified form of 開; hands 廾 lifting the latch 一 of a door	two hands 𡴂 not grass 艸 opening a lock bar 一 on the gate, sometimes seen as even-jian 幵 jiān which is a different character	PComponent 開 older 𨵑 | from gate 門 mén and | (rem+ 开 kāi hands 廾 opening door bolt 一) | A135 开[開] new-char 开 alt-simp 𫔭. | (name- open-door (开)(𫔭)開𨵑 kāi)		the human torso showing breasts, stomach and navel, now meaning heart | in context usually seen as 忄sometimes as 㣺	Component 忄㣺心 | (name- heart 忄 xīn) | (name- heart 心 xīn) | (name- heart-variant 㣺 xīn)	"[{""character"":""开"",""dictionary"":{""character"":""开"",""definition"":""to open; to start, to initiate, to begin"",""pinyin"":[""kāi""],""decomposition"":""⿱一廾"",""etymology"":{""type"":""ideographic"",""hint"":""Simplified form of 開; hands 廾 lifting the latch 一 of a door""},""radical"":""廾"",""matches"":[[0],[1],[1],[1]]}},{""character"":""心"",""dictionary"":{""character"":""心"",""definition"":""heart; mind; soul"",""pinyin"":[""xīn""],""decomposition"":""？"",""etymology"":{""type"":""pictographic"",""hint"":""A heart""},""radical"":""心"",""matches"":[null,null,null,null]}}]"
难过	4,15	nánguò	sad; upset	难过	A hand 又 trying to grasp at a bird 隹	scorched earth where the bird can not find food - difficulty	Compound 難 | from yellow-earth 堇𡏳 jǐn and | bird 隹 zhuī | B079 难[難] new-char 难. | name- difficult (难)難 nán		寸咼 in 过過 | 呙咼 everywhere else	Compound 過 | from road-and-foot 辶辶辵 chuò and | phonetic bone-2 咼 guō | (rem- 寸 cùn) | B039 过[過] new-char 过. | (name- pass-through (过)過 guò)	"[{""character"":""难"",""dictionary"":{""character"":""难"",""definition"":""hard, difficult, arduous; unable"",""pinyin"":[""nán""],""decomposition"":""⿰又隹"",""etymology"":{""type"":""ideographic"",""hint"":""A hand 又 trying to grasp at a bird 隹""},""radical"":""又"",""matches"":[[0],[0],[1],[1],[1],[1],[1],[1],[1],[1]]}},{""character"":""过"",""dictionary"":{""character"":""过"",""definition"":""pass; to go across, to pass through"",""pinyin"":[""guò""],""decomposition"":""⿺辶寸"",""etymology"":{""type"":""pictophonetic"",""phonetic"":""咼"",""semantic"":""辶"",""hint"":""walk""},""radical"":""辶"",""matches"":[[1],[1],[1],[0],[0],[0]]}}]"
伤心	5,16	shāngxīn	sad; heartbroken	伤心		伤傷 | 𥏻𥏫 | 殤	Compound 傷 | from (rem- person 𠂉 shāng) from | death-injury (殇)殤 shāng | substitute person-left 亻 rén and | (rem- 力 lì) from | phonetic sundial (𠃓)昜 yáng | A220 伤[傷] new-char 伤.		the human torso showing breasts, stomach and navel, now meaning heart | in context usually seen as 忄sometimes as 㣺	Component 忄㣺心 | (name- heart 忄 xīn) | (name- heart 心 xīn) | (name- heart-variant 㣺 xīn)	"[{""character"":""伤"",""dictionary"":{""character"":""伤"",""definition"":""to injure, to harm; wound, injury; to fall ill"",""pinyin"":[""shāng""],""decomposition"":""⿰亻⿱？力"",""radical"":""亻"",""matches"":[[0],[0],null,null,[1,1],[1,1]]}},{""character"":""心"",""dictionary"":{""character"":""心"",""definition"":""heart; mind; soul"",""pinyin"":[""xīn""],""decomposition"":""？"",""etymology"":{""type"":""pictographic"",""hint"":""A heart""},""radical"":""心"",""matches"":[null,null,null,null]}}]"
生气	6,17	shēngqì	angry	生气	A shoot 屮 growing in the soil 土	distorted in 毒𤯟耑 壳𡉉𠕓 省𥅱 青𤯞 | 生 from seal 𤯓 shēng | 生 from oracle 㞢 shēng | 之 from seal 㞢	Component 生 older 𤯓 older 㞢 | from single-grass 屮 chè and | potters-clay 土. | (name- plant 生𤯓㞢 shēng)		pictograph of a cloud	Component 气 | B086 气[氣] | simp 气 | (name- air (气)氣 qì)	"[{""character"":""生"",""dictionary"":{""character"":""生"",""definition"":""life, lifetime; birth; growth"",""pinyin"":[""shēng""],""decomposition"":""⿻一土"",""etymology"":{""type"":""ideographic"",""hint"":"" A shoot 屮 growing in the soil 土""},""radical"":""生"",""matches"":[null,[0],[1],[1],[1]]}},{""character"":""气"",""dictionary"":{""character"":""气"",""definition"":""air, gas; steam, vapor; anger"",""pinyin"":[""qì""],""decomposition"":""⿱亻？"",""etymology"":{""type"":""ideographic"",""hint"":""A person 亻 breathing air""},""radical"":""气"",""matches"":[[0],[0],null,null]}}]"
害怕	7,18	hàipà	afraid; scared	害怕		宀 the outside of the tally stick. | 丯 the tally stick marks. | the mouth which can lie.	Component 害 | from (rem+ 宀 mián + 丰 fēng) from | tally-stick 丯 jiè and | mouth 口 kǒu. | (name- injure 害 hài)			Compound 怕 | from heart 忄 xīn and | phonetic white-moon 白 bái.	"[{""character"":""害"",""dictionary"":{""character"":""害"",""definition"":""to injure, to harm; to destroy, to kill"",""pinyin"":[""hài""],""decomposition"":""⿱宀⿱丰口"",""radical"":""宀"",""matches"":[[0],[0],[0],[1,0],[1,0],[1,0],[1,0],[1,1],[1,1],[1,1]]}},{""character"":""怕"",""dictionary"":{""character"":""怕"",""definition"":""to fear, to be afraid of; apprehensive"",""pinyin"":[""pà""],""decomposition"":""⿰忄白"",""etymology"":{""type"":""pictophonetic"",""phonetic"":""白"",""semantic"":""忄"",""hint"":""heart""},""radical"":""忄"",""matches"":[[0],[0],[0],[1],[1],[1],[1],[1]]}}]"
累	8	lèi	tired	累	Simplified form of 纍; growing silk 糸 in the fields 畾; 畾 also provides the pronunciation	tired from spinning thread 糸 and working in the fields 畾	Compound 纍 mutant 累 | from single-thread 糸 mì and | (rem- 田 tián) | from related phonetic three-fields 畾 léi | A149 累[纍] | simp 累.				"[{""character"":""累"",""dictionary"":{""character"":""累"",""definition"":""tired; to accumulate; to involve; bother, nuisance"",""pinyin"":[""lèi""],""decomposition"":""⿱田糸"",""etymology"":{""type"":""ideographic"",""hint"":""Simplified form of 纍; growing silk 糸 in the fields 畾; 畾 also provides the pronunciation""},""radical"":""糸"",""matches"":[[0],[0],[0],[0],[0],[1],[1],[1],[1],[1],[1]]}}]"
饿	9	è	hungry	饿	To want 我 food 饣; 我 also provides the pronunciation		Compound 餓 | from mouth-eating (饣)飠食 shí and | phonetic rake 我 wǒ | simp 饿.				"[{""character"":""饿"",""dictionary"":{""character"":""饿"",""definition"":""hungry; greedy"",""pinyin"":[""è""],""decomposition"":""⿰饣我"",""etymology"":{""type"":""ideographic"",""hint"":""To want 我 food 饣; 我 also provides the pronunciation""},""radical"":""饣"",""matches"":[[0],[0],[0],[1],[1],[1],[1],[1],[1],[1]]}}]"
渴	10	kě	thirsty	渴			Compound 渴 | from three-dot-water 氵 shuǐ and | related phonetic why 曷 hé.				"[{""character"":""渴"",""dictionary"":{""character"":""渴"",""definition"":""thirsty, parched; to yearn, to pine for"",""pinyin"":[""kě""],""decomposition"":""⿰氵曷"",""etymology"":{""type"":""pictophonetic"",""phonetic"":""曷"",""semantic"":""氵"",""hint"":""water""},""radical"":""氵"",""matches"":[[0],[0],[0],[1],[1],[1],[1],[1],[1],[1],[1],[1]]}}]"
爱	11	ài	love; to love	爱	To bring a friend 友 into one's house 冖	The heart 心 when it sees a girl 兂 with pins in her hair.	Component 愛 older 𢙴 older 㤅 | from (rem- 爫 zhuǎ)(rem- 冖 mì) and | (rem- 友 you)(rem- 旡 jì) from | person-hair-pins 兂 zān and | from heart 心 xīn and | bottom-foot 夂夊 zhǐ-suī (deleted) | B001 爱[愛] new-char 爱 | love (爱)愛 aì.				"[{""character"":""爱"",""dictionary"":{""character"":""爱"",""definition"":""to love, to like, to be fond of; love, affection"",""pinyin"":[""ài""],""decomposition"":""⿱⿱爫冖友"",""etymology"":{""type"":""ideographic"",""hint"":""To bring a friend 友 into one's house 冖""},""radical"":""爫"",""matches"":[[0,0],[0,0],[0,0],[0,0],[0,1],[0,1],[1],[1],[1],[1]]}}]"
