# Unified course: hanzi, pinyin, english, example_word, etymology, uncle_hanzi, uncle_decomp, dictionary_entries
# Split from foundations_words_all.tsv (fun→boring). Leftover glyphs omitted.
hanzi	rank	pinyin	english	example_word	etymology	uncle_hanzi	uncle_decomp	dictionary_entries
道	1	dào	know about	不知道	walk		Compound 道 | from road-and-foot 辶辶辵 chuò and | head 首 shǒu.	[{"character":"道","dictionary":{"character":"道","definition":"method, way; path, road","pinyin":["dào"],"decomposition":"⿺辶首","etymology":{"type":"pictophonetic","phonetic":"首","semantic":"辶","hint":"walk"},"radical":"辶","matches":[[1],[1],[1],[1],[1],[1],[1],[1],[1],[0],[0],[0]]}}]
还	2	hái	yet, returned, also, else, still, and, give back, again	还是	Not 不 moving 辶	depends on meaning of 昔藉	Compound 還 𨘣 | from road-and-foot 辶辶辵 chuò and | (rem- 不 bù) from | phonetic round-bi 睘瞏 huán | A098 还[還] simp 还.	[{"character":"还","dictionary":{"character":"还","definition":"also, besides; still, yet; to return","pinyin":["hái"],"decomposition":"⿺辶不","etymology":{"type":"ideographic","hint":"Not 不 moving 辶"},"radical":"辶","matches":[[1],[1],[1],[1],[0],[0],[0]]}}]
样	3	yàng	form, pattern, shape, style	样			Compound 樣 | from tree 木 mù and | phonetic permanent-stream-yang 羕 yàng	[{"character":"样","dictionary":{"character":"样","definition":"form, pattern, shape, style","pinyin":["yàng"],"decomposition":"⿰木羊","etymology":{"type":"pictophonetic","phonetic":"羊","semantic":"木","hint":"tree"},"radical":"木","matches":[[0],[0],[0],[0],[1],[1],[1],[1],[1],[1]]}}]
头	4	tóu	head	头发	high		Compound 頭 | from person-head (页)頁 yè and | related phonetic ritual-vessel 豆 dòu | A248 头[頭] | new-char 头. | (name- head-tou 头頭 tóu)	[{"character":"头","dictionary":{"character":"头","definition":"head; chief, boss; first, top","pinyin":["tóu"],"decomposition":"⿻⺀大","etymology":{"type":"pictophonetic","semantic":"大","hint":"high"},"radical":"大","matches":[[0],[0],[1],[1],[1]]}}]
条	5	tiáo	clause, condition; string, stripe	条件		Indicating a person holding a stick made out of wood	Component 條 | from (rem- 夂 zhǐ) and | (rem- 朩 pin) from | tree 木 mù and | ford-a-river 攸𠈹𣲏㳊 yōu | B105 条[條] new-char 条. | (name- person-river (条)條 tiáo)	[{"character":"条","dictionary":{"character":"条","definition":"clause, condition; string, stripe","pinyin":["tiáo"],"decomposition":"⿱夂木","etymology":{"type":"ideographic","hint":"A branch cut from a tree 木"},"radical":"木","matches":[[0],[0],[0],[1],[1],[1],[1]]}}]
活	6	huó	to exist, to live, to survive; living, working	活		moving water	Compound 活𣴠 | from three-dot-water 氵 shuǐ | and (rem- 舌 shé) from | phonetic put-in-mouth 𠯑 guā.	[{"character":"活","dictionary":{"character":"活","definition":"to exist, to live, to survive; living, working","pinyin":["huó"],"decomposition":"⿰氵舌","etymology":{"type":"pictophonetic","phonetic":"舌","semantic":"氵","hint":"water"},"radical":"氵","matches":[[0],[0],[0],[1],[1],[1],[1],[1],[1]]}}]
总	7	zǒng	to gather, to collect; overall, altogether	总	Many mouths 口 speaking with one mind 心			[{"character":"总","dictionary":{"character":"总","definition":"to gather, to collect; overall, altogether","pinyin":["zǒng"],"decomposition":"⿳丷口心","etymology":{"type":"ideographic","hint":"Many mouths 口 speaking with one mind 心"},"radical":"心","matches":[[0],[0],[1],[1],[1],[2],[2],[2],[2]]}}]
书	8	shū	book	书店	A mark made by a pen ⺺		brush-ink-book (书)書𦘠 shū)	[{"character":"书","dictionary":{"character":"书","definition":"book, letter, document; writing","pinyin":["shū"],"decomposition":"⿻？丨","etymology":{"type":"ideographic","hint":"A mark made by a pen ⺺"},"radical":"丨","matches":[null,null,[1],null]}}]
张	9	zhāng	sheet of, piece of, sheets, Zhang, pieces	紧张	bow	string can be tense	from bow 弓 gōng and | related phonetic long-hair (长)長 zhǎng	[{"character":"张","dictionary":{"character":"张","definition":"to display; to expand, to open; to stretch; a sheet of paper","pinyin":["zhāng"],"decomposition":"⿰弓长","etymology":{"type":"pictophonetic","phonetic":"长","semantic":"弓","hint":"bow"},"radical":"弓","matches":[[0],[0],[0],[1],[1],[1],[1]]}}]
不	10	bù	no, do not, don't, not, is not, are not, does not, neither, wasn't, n't, weren't, can't, won't, aren't, didn't, isn't, cannot, doesn't, wouldn't	对不对	A bird flying toward the sky 一	a plant cut at the root to be stooled | A098 还[還]不睘瞏 𨘣 | A097 环[環]不睘瞏 𤪹 | A095 坏[壞]不褱 | A094 怀[懷]不褱 | 丕 pī | 否 fǒu | 咅㕻 pǒu	Component 不 | (name- plant-no 不 bù)	[{"character":"不","dictionary":{"character":"不","definition":"no, not, un-; negative prefix","pinyin":["bù"],"decomposition":"⿱一？","etymology":{"type":"ideographic","hint":"A bird flying toward the sky 一"},"radical":"一","matches":[[0],null,null,null]}}]
在	11	zài	is, am, getting, onto, for, go, were, is located, are in, at, when, on, above, to, be, are, during, in, was, within	现在	earth		Compound 在 | potters-clay 土 tǔ and | phonetic dam 才 cái.	[{"character":"在","dictionary":{"character":"在","definition":"at, in, on; to exist; used to indicate the present progressive tense","pinyin":["zài"],"decomposition":"⿸才土","etymology":{"type":"pictophonetic","phonetic":"才","semantic":"土","hint":"earth"},"radical":"土","matches":[[0],[0],[0],[1],[1],[1]]}}]
我	12	wǒ	I	我们		我𢦐 rake or saw		[{"character":"我","dictionary":{"character":"我","definition":"I, me, my; our, us","pinyin":["wǒ"],"decomposition":"⿰扌戈","etymology":{"type":"ideographic","hint":"A hand 扌 holding a weapon 戈"},"radical":"戈","matches":[[0],[1],[0],[0],[1],[1],[1]]}}]
这	13	zhè	this, the, these, here, it, it's	这是			Compound 這 | from road-and-foot 辶辶辵 chuò and | mouth-speak 言 yán | substitute culture-cloths 文 wén | new-char 这.	[{"character":"这","dictionary":{"character":"这","definition":"this, these; such; here","pinyin":["zhè"],"decomposition":"⿺辶文","radical":"辶","matches":[[1],[1],[1],[1],[0],[0],[0]]}}]
就	14	jiù	just, then, right		specialty		Compound 就 | from building 京 jīng and | phonetic hand-injured 尤 yóu.	[{"character":"就","dictionary":{"character":"就","definition":"just, simply; to go to; to approach, near","pinyin":["jiù"],"decomposition":"⿰京尤","etymology":{"type":"pictophonetic","phonetic":"京","semantic":"尤","hint":"specialty"},"radical":"尢","matches":[[0],[0],[0],[0],[0],[0],[0],[0],[1],[1],[1],[1]]}}]
也	15	yě	as well as, too, also, either, and, as well	我也是		see 㐌它也 蛇𧉮虵 | a snake | ta 她他牠祂㐌它 | chi 弛池馳 shi 施) naa乸 | she 虵𧉮𥝀蛇 yaa吔 | yi吔酏迆 di地髢 ye也 si㐌	Component 也𠃟 | (name- snake 也𠃟 yě)	[{"character":"也","dictionary":{"character":"也","definition":"also, too","pinyin":["yě"],"decomposition":"⿻？乚","radical":"乚","matches":[null,null,[1]]}}]
着	16	zhe	to make a move, to take action	看着		Originally 箸 meaning manifest now meaning chopsticks. | Then 著 now meaning manifest. | Then 着 meaning to take action.		[{"character":"着","dictionary":{"character":"着","definition":"to make a move, to take action","pinyin":["zhe"],"decomposition":"⿸羊目","radical":"目","matches":[[0],[0],[0],[0],[0],[0],[1],[1],[1],[1],[1]]}}]
从	17	cóng	through, with, at, of, from, ever, since	从来	One person 人 following another		Component 从 older 𠚪 | from (rem- 刀 dāo) from | two person 人 rén | B018 从[從] simp 从 | (name- two-person-left (从)從 cóng)	[{"character":"从","dictionary":{"character":"从","definition":"from, by, since, whence, through","pinyin":["cóng"],"decomposition":"⿰人人","etymology":{"type":"ideographic","hint":"One person 人 following another"},"radical":"人","matches":[[0],[0],[1],[1]]}}]
很	18	hěn	very, quite, much	很好		to go away from		[{"character":"很","dictionary":{"character":"很","definition":"very, quite, much","pinyin":["hěn"],"decomposition":"⿰彳艮","etymology":{"type":"pictophonetic","phonetic":"艮","semantic":"彳","hint":"step"},"radical":"彳","matches":[[0],[0],[0],[1],[1],[1],[1],[1],[1]]}}]
才	19	cái	only, only able to, until	刚才	A sprout growing in the ground, representing a budding talent	original 才塞 sāi | maybe a sprout | maybe a blocked stream	Component 才 | A017 才[纔] | simp 才. | (name- dam 才 cái)	[{"character":"才","dictionary":{"character":"才","definition":"ability, talent, gift; just, only","pinyin":["cái"],"decomposition":"⿻扌？","etymology":{"type":"ideographic","hint":"A sprout growing in the ground, representing a budding talent"},"radical":"扌","matches":[[0],[0],[0]]}}]
必	20	bì	surely, certainly; must; will	必		the measuring string 弋 to measure the separation 八		[{"character":"必","dictionary":{"character":"必","definition":"surely, certainly; must; will","pinyin":["bì"],"decomposition":"⿻心丿","radical":"心","matches":[[0],[0],[0],[1],[0]]}}]
件	21	jiàn	piece of clothing, pieces of clothing, piece of	邮件	A man 亻 dividing up a cow 牛. In ancient times the man and cow were a "unit"			[{"character":"件","dictionary":{"character":"件","definition":"item, matter; component, part; measure word for events","pinyin":["jiàn"],"decomposition":"⿰亻牛","etymology":{"type":"ideographic","hint":"A man 亻 dividing up a cow 牛"},"radical":"亻","matches":[[0],[0],[1],[1],[1],[1]]}}]
