# Unified course: hanzi, pinyin, english, example_word, etymology, uncle_hanzi, uncle_decomp, dictionary_entries							
# Section 00: tree-related pictographs and compounds (from treeRelated.tsv).							
hanzi	rank	pinyin	english	example_word	etymology	uncle_hanzi	uncle_decomp	dictionary_entries
木	1	mù	tree; wood, lumber; wooden	木头		a tree, with branches at top and roots at bottom - wood	Component 木 | from (not- 朩 pin). | name- tree 木 mù	"[{""character"":""木"",""dictionary"":{""character"":""木"",""definition"":""tree; wood, lumber; wooden"",""pinyin"":[""mù""],""decomposition"":""⿻十？"",""etymology"":{""type"":""pictographic"",""hint"":""A tree""},""radical"":""木"",""matches"":[[0],[0],[1],[1]]}}]"
本	2	běn	root, origin, source; basis	本来	A tree 木 with its roots highlighted	tree root of a tree 木	Component 本 | from tree 木 mù and | (rem+ 一 yī root). | (name- tree-root 本 běn)	"[{""character"":""本"",""dictionary"":{""character"":""本"",""definition"":""root, origin, source; basis"",""pinyin"":[""běn""],""decomposition"":""⿻木一"",""etymology"":{""type"":""ideographic"",""hint"":""A tree 木 with its roots highlighted""},""radical"":""木"",""matches"":[[0],[0],[0],[0],[1]]}}]"
末	3	mò	end, final, last; insignificant	周末		top branches of a tree 木indicating the end	Component 末 | from tree 木 mù and | (rem+ 一 yī top-branches) | (not- 未 wèi). | (name- tree-top-branch 末 mò)	"[{""character"":""末"",""dictionary"":{""character"":""末"",""definition"":""end, final, last; insignificant"",""pinyin"":[""mò""],""decomposition"":""⿻木一"",""etymology"":{""type"":""ideographic"",""hint"":""The top 一 of a tree 木""},""radical"":""木"",""matches"":[[1],[0],[0],[0],[0]]}}]"
不	4	bù	no, not, un-; negative prefix	不是	Possibly roots or lower part of a tree with the upper trunk missing or cut off, suggesting absence or negation	a plant cut at the root to be stooled | A098 还[還]不睘瞏 𨘣 | A097 环[環]不睘瞏 𤪹 | A095 坏[壞]不褱 | A094 怀[懷]不褱 | 丕 pī | 否 fǒu | 咅㕻 pǒu	Component 不 | (name- plant-no 不 bù)	"[{""character"":""不"",""dictionary"":{""character"":""不"",""definition"":""no, not, un-; negative prefix"",""pinyin"":[""bù""],""decomposition"":""⿱一？"",""etymology"":{""type"":""ideographic"",""hint"":""Possibly roots or lower part of a tree with the upper trunk missing or cut off, suggesting absence or negation""},""radical"":""一"",""matches"":[[0],null,null,null]}}]"
林	5	lín	grove; surname	森林	Two trees 木 representing a grove or forest		Compound 林 | from three tree 木 mù. | (name- double-tree 林 lín)	"[{""character"":""林"",""dictionary"":{""character"":""林"",""definition"":""forest, grove; surname"",""pinyin"":[""lín""],""decomposition"":""⿰木木"",""etymology"":{""type"":""ideographic"",""hint"":""Two trees 木 representing a forest""},""radical"":""木"",""matches"":[[0],[0],[0],[0],[1],[1],[1],[1]]}}]"
森	6	sēn	forest; luxuriant vegetation	森林	Many trees 木 forming a large forest		Compound 森 | from three tree 木 mù. | (name- triple-tree 森 sēn)	"[{""character"":""森"",""dictionary"":{""character"":""森"",""definition"":""forest; luxuriant vegetation"",""pinyin"":[""sēn""],""decomposition"":""⿱木⿰木木"",""etymology"":{""type"":""ideographic"",""hint"":""Many trees 木 forming a forest""},""radical"":""木"",""matches"":[[0],[0],[0],[0],[1,0],[1,0],[1,0],[1,0],[1,1],[1,1],[1,1],[1,1]]}}]"
休	7	xiū	to rest; to stop; to retire	休息	A person 亻 leaning against a tree 木		Compound 休 | from person-left 亻 rén and | tree 木 mù.	"[{""character"":""休"",""dictionary"":{""character"":""休"",""definition"":""to rest; to stop; to retire"",""pinyin"":[""xiū""],""decomposition"":""⿰亻木"",""etymology"":{""type"":""ideographic"",""hint"":""A person 亻 leaning against a tree 木""},""radical"":""亻"",""matches"":[[0],[0],[1],[1],[1],[1]]}}]"
