校	xiào	school	Semantic-phonetic	Originally a wooden structure or checking rack	木 wood + 交 phonetic
械	xiè	machine; tool	Semantic-phonetic	Wooden mechanism/tool	木 wood + 戒 phonetic
棍	gùn	stick; club	Semantic-phonetic	Wooden stick	木 wood + 昆 phonetic
板	bǎn	board; plank	Semantic-phonetic	Wooden plank	木 wood + 反 phonetic
棺	guān	coffin	Semantic-phonetic	Wooden coffin	木 wood + 官 phonetic
楼	lóu	building	Semantic-phonetic	Wooden multi-story structure	木 wood + 娄 phonetic
棋	qí	chess	Semantic-phonetic	Wooden chess pieces/board	木 wood + 其 phonetic
栏	lán	railing	Semantic-phonetic	Wooden fence/railing	木 wood + 兰 phonetic
椅	yǐ	chair	Semantic-phonetic	Wooden chair	木 wood + 奇 phonetic
柜	guì	cabinet	Semantic-phonetic	Wooden cabinet	木 wood + 巨 phonetic
桥	qiáo	bridge	Semantic-phonetic	Wooden bridge	木 wood + 乔 phonetic
枝	zhī	branch	Semantic-phonetic	Tree branch	木 tree + 支 phonetic
根	gēn	root	Semantic-phonetic	Tree root	木 tree + 艮 phonetic
树	shù	tree; plant	Semantic-phonetic	A planted or cultivated tree	木 tree + 对 phonetic
杨	yáng	poplar	Semantic-phonetic	Poplar tree	木 tree + 昜 phonetic
松	sōng	pine	Semantic-phonetic	Pine tree	木 tree + 公 phonetic
柏	bǎi	cypress	Semantic-phonetic	Cypress tree	木 tree + 白 phonetic
桃	táo	peach	Semantic-phonetic	Peach tree	木 tree + 兆 phonetic
梅	méi	plum	Semantic-phonetic	Plum tree	木 tree + 每 phonetic
梨	lí	pear	Semantic-phonetic	Pear tree	利 phonetic + 木 tree
杏	xìng	apricot	Semantic-phonetic	Apricot tree	木 tree + 口 phonetic