# Class Tree Work places: where people work. Not the same list as Places (school, store, hospital, company).
hanzi	pinyin	english	example_word	etymology	uncle_hanzi	uncle_decomp	dictionary_entries
加油站	jiāyóuzhàn	gas station	加油站				
车站	chēzhàn	train/bus station	车站				
幼儿园	yòu'éryuán	kindergarten	幼儿园				
理发店	lǐfàdiàn	barbershop	理发店				
超市	chāoshì	supermarket	超市				
办公室	bàngōngshì	office	办公室				
邮局	yóujú	post office	邮局				
餐厅	cāntīng	restaurant	餐厅				
工地	gōngdì	construction site	工地				
咖啡店	kāfēidiàn	café	咖啡店				
机场	jīchǎng	airport	机场				
药店	yàodiàn	pharmacy	药店				
酒店	jiǔdiàn	hotel	酒店				
商场	shāngchǎng	mall	商场				
诊所	zhěnsuǒ	clinic	诊所				
书店	shūdiàn	bookstore	书店				
大学	dàxué	university	大学				
银行	yínháng	bank	银行				
市场	shìchǎng	market	市场				
农场	nóngchǎng	farm	农场				
工厂	gōngchǎng	factory	工厂				
图书馆	túshūguǎn	library	图书馆				
