# Class Tree Talk about weather cloze. Mostly Weather vocab blanks; a few 有 / 会 / 又 / 已经 / 好像 / 突然.
# Time words (今天 / 昨天 / 明天 / 今晚 / 下午 / 星期一 …) stay in the sentence, not as blanks.
hanzi	pinyin	english	blank	dictionary_entries
昨天下午很热。	zuó tiān xià wǔ hěn rè	Yesterday afternoon was hot.	热	
今晚有暴风雨。	jīn wǎn yǒu bào fēng yǔ	Tonight there will be a storm.	暴风雨	
突然下雨了。	tū rán xià yǔ le	It suddenly rained.	突然	
明天会下雪。	míng tiān huì xià xuě	It will snow tomorrow.	会	
今天下午是晴天。	jīn tiān xià wǔ shì qíng tiān	This afternoon is sunny.	晴天	
今天又下雨了。	jīn tiān yòu xià yǔ le	It rained again today.	又	
昨天下雨了。	zuó tiān xià yǔ le	It rained yesterday.	下雨	
星期天多云。	xīng qī tiān duō yún	Sunday is cloudy.	多云	
今晚有雾。	jīn wǎn yǒu wù	There is fog tonight.	有	
明天天气不好。	míng tiān tiān qì bù hǎo	Tomorrow's weather is bad.	天气	
今天下午很暖和。	jīn tiān xià wǔ hěn nuǎn huo	This afternoon is warm.	暖和	
昨天是阴天。	zuó tiān shì yīn tiān	Yesterday was overcast.	阴天	
今天下午刮风。	jīn tiān xià wǔ guā fēng	It is windy this afternoon.	刮风	
今天气温很高。	jīn tiān qì wēn hěn gāo	Today's temperature is high.	气温	
晚上很凉快。	wǎn shang hěn liáng kuai	The evening is cool.	凉快	
昨天下雪了。	zuó tiān xià xuě le	It snowed yesterday.	下雪	
今天太阳很大。	jīn tiān tài yáng hěn dà	The sun is strong today.	太阳	
明天有台风。	míng tiān yǒu tái fēng	There will be a typhoon tomorrow.	台风	
夏天很潮湿。	xià tiān hěn cháo shī	Summer is humid.	潮湿	
冬天很干燥。	dōng tiān hěn gān zào	Winter is dry.	干燥	
今天三十度。	jīn tiān sān shí dù	It is thirty degrees today.	度	
今天零下五度。	jīn tiān líng xià wǔ dù	It is five degrees below zero today.	零下	
早上雾很大。	zǎo shang wù hěn dà	The fog is heavy this morning.	雾	
今天已经很冷了。	jīn tiān yǐ jīng hěn lěng le	Today is already cold.	已经	
今天天气很好。	jīn tiān tiān qì hěn hǎo	The weather is nice today.	天气	
冬天很冷。	dōng tiān hěn lěng	Winter is cold.	冷	
星期一下雨了。	xīng qī yī xià yǔ le	It rained on Monday.	下雨	
星期天很热。	xīng qī tiān hěn rè	Sunday is hot.	热	
今晚刮风。	jīn wǎn guā fēng	It is windy tonight.	刮风	
好像要下雨。	hǎo xiàng yào xià yǔ	It seems like it will rain.	好像	
