# Class Tree Kitchen: menu sections, tableware, and classroom dishes.
# Split from class_09_food.tsv. Ordering words (点/再/点儿) stay leftover for cloze.
hanzi	pinyin	english	example_word	etymology	uncle_hanzi	uncle_decomp	dictionary_entries
筷子	kuàizi	chopsticks	筷子				[{"character":"筷","dictionary":{"character":"筷","definition":"chopsticks","pinyin":["kuài"],"decomposition":"⿱⺮快","etymology":{"type":"pictophonetic","phonetic":"快","semantic":"⺮","hint":"bamboo"},"radical":"⺮","matches":[[0],[0],[0],[0],[0],[0],[1],[1],[1],[1],[1],[1],[1]]}},{"character":"子","dictionary":{"character":"子","definition":"child; seed, egg; fruit; small thing","pinyin":["zi"],"decomposition":"⿻了一","etymology":{"type":"pictographic","hint":"A child in a wrap, with outstretched arms but bundled legs"},"radical":"子","matches":[[0],[0],[1]]}}]
餐具	cānjù	dinnerware	餐具				
杯子	bēizi	cup	杯子				[{"character":"杯","dictionary":{"character":"杯","definition":"cup, glass; measure word for liquids","pinyin":["bēi"],"decomposition":"⿰木不","etymology":{"type":"pictophonetic","phonetic":"不","semantic":"木","hint":"tree"},"radical":"木","matches":[[0],[0],[0],[0],[1],[1],[1],[1]]}},{"character":"子","dictionary":{"character":"子","definition":"child; seed, egg; fruit; small thing","pinyin":["zi"],"decomposition":"⿻了一","etymology":{"type":"pictographic","hint":"A child in a wrap, with outstretched arms but bundled legs"},"radical":"子","matches":[[0],[0],[1]]}}]
汤	tāng	soup	汤				[{"character":"汤","dictionary":{"character":"汤","definition":"soup, gravy, broth; hot water","pinyin":["tāng"],"decomposition":"⿰氵昜","etymology":{"type":"pictophonetic","phonetic":"昜","semantic":"氵","hint":"water"},"radical":"氵","matches":[[0],[0],[0],[1],[1],[1]]}}]
热菜	rècài	hot dish	热菜				
主食	zhǔshí	main food	主食				
盘子	pánzi	plate	盘子				[{"character":"盘","dictionary":{"character":"盘","definition":"tray, plate, dish; to examine","pinyin":["pán"],"decomposition":"⿱舟皿","etymology":{"type":"pictophonetic","phonetic":"般","semantic":"皿","hint":"dish"},"radical":"皿","matches":[[0],[0],[0],[0],[0],[0],[1],[1],[1],[1],[1]]}},{"character":"子","dictionary":{"character":"子","definition":"child; seed, egg; fruit; small thing","pinyin":["zi"],"decomposition":"⿻了一","etymology":{"type":"pictographic","hint":"A child in a wrap, with outstretched arms but bundled legs"},"radical":"子","matches":[[0],[0],[1]]}}]
餐巾纸	cānjīnzhǐ	napkin	餐巾纸				[{"character":"餐","dictionary":{"character":"餐","definition":"to eat, to dine; meal, food","pinyin":["cān"],"decomposition":"⿱⿰歺又食","etymology":{"type":"pictophonetic","semantic":"食","hint":"food"},"radical":"食","matches":[[0,0],[0,0],[0,0],[0,0],[0,0],[0,1],[0,1],[1],[1],[1],[1],[1],[1],[1],[1],[1]]}},{"character":"巾","dictionary":{"character":"巾","definition":"cloth, curtain, handkerchief, towel","pinyin":["jīn"],"decomposition":"⿻冂丨","etymology":{"type":"pictographic","hint":"A curtain or towel hanging from a rack"},"radical":"巾","matches":[[0],[0],[1]]}},{"character":"纸","dictionary":{"character":"纸","definition":"paper","pinyin":["zhǐ"],"decomposition":"⿰纟氏","etymology":{"type":"pictophonetic","phonetic":"氏","semantic":"纟","hint":"silk"},"radical":"纟","matches":[[0],[0],[0],[1],[1],[1],[1]]}}]
拌黄瓜	bàn huángguā	Fresh cucumber with bean sauce	拌黄瓜				
碗	wǎn	bowl	碗				[{"character":"碗","dictionary":{"character":"碗","definition":"bowl, small dish","pinyin":["wǎn"],"decomposition":"⿰石宛","etymology":{"type":"pictophonetic","phonetic":"宛","semantic":"石","hint":"stone"},"radical":"石","matches":[[0],[0],[0],[0],[0],[1],[1],[1],[1],[1],[1],[1],[1]]}}]
宫保鸡丁	gōngbǎo jīdīng	Kung Pao Chicken	宫保鸡丁				
酸辣汤	suānlà tāng	sour and spicy soup	酸辣汤				
西红柿炒鸡蛋	xīhóngshì chǎo jīdàn	Scrambled egg with tomato	西红柿炒鸡蛋				
菜单	càidān	menu	菜单				[{"character":"菜","dictionary":{"character":"菜","definition":"vegetables; order, dish; food","pinyin":["cài"],"decomposition":"⿱艹采","etymology":{"type":"pictophonetic","phonetic":"采","semantic":"艹","hint":"plant"},"radical":"艹","matches":[[0],[0],[0],[1],[1],[1],[1],[1],[1],[1],[1]]}},{"character":"单","dictionary":{"character":"单","definition":"single, individual, only; lone","pinyin":["dān"],"decomposition":"⿱丷？","radical":"丷","matches":[[0],[0],null,null,null,null,null,null]}}]
勺子	sháozi	spoon	勺子				[{"character":"勺","dictionary":{"character":"勺","definition":"spoon, ladle; unit of volume","pinyin":["sháo"],"decomposition":"⿹勹丶","etymology":{"type":"ideographic","hint":"A spoon 勹 with something in it 丶"},"radical":"勹","matches":[[0],[0],[1]]}},{"character":"子","dictionary":{"character":"子","definition":"child; seed, egg; fruit; small thing","pinyin":["zi"],"decomposition":"⿻了一","etymology":{"type":"pictographic","hint":"A child in a wrap, with outstretched arms but bundled legs"},"radical":"子","matches":[[0],[0],[1]]}}]
凉菜	liángcài	cold dish	凉菜				
忌口	jìkǒu	to avoid certain food	忌口				
北京烤鸭	Běijīng kǎoyā	Beijing roast duck	北京烤鸭				
