# Class Tree Talk about feelings cloze. Mostly Feelings vocab blanks; a few 特别 / 比较 / 总是 / 有些 / 更加 / 几乎.
# Mixed subjects (family, school, work) for variety; one blank each.
hanzi	pinyin	english	blank	dictionary_entries
我很高兴。	wǒ hěn gāo xìng	I am happy.	高兴	
我特别累。	wǒ tè bié lèi	I am especially tired.	特别	
妈妈很开心。	mā ma hěn kāi xīn	Mom is glad.	开心	
弟弟很害怕。	dì di hěn hài pà	My younger brother is afraid.	害怕	
他今天比较忙。	tā jīn tiān bǐ jiào máng	He is rather busy today.	比较	
她很伤心。	tā hěn shāng xīn	She is sad.	伤心	
考试以后我更加放松。	kǎo shì yǐ hòu wǒ gèng jiā fàng sōng	I am even more relaxed after the exam.	更加	
老师很生气。	lǎo shī hěn shēng qì	The teacher is angry.	生气	
妹妹很害羞。	mèi mei hěn hài xiū	My younger sister is shy.	害羞	
周末我很放松。	zhōu mò wǒ hěn fàng sōng	I am relaxed on the weekend.	放松	
下午很无聊。	xià wǔ hěn wú liáo	The afternoon is boring.	无聊	
孩子们很兴奋。	hái zi men hěn xīng fèn	The kids are excited.	兴奋	
妈妈很担心。	mā ma hěn dān xīn	Mom is worried.	担心	
爸爸很忙。	bà ba hěn máng	Dad is busy.	忙	
我几乎睡着了。	wǒ jī hū shuì zháo le	I almost fell asleep.	几乎	
我很累。	wǒ hěn lèi	I am tired.	累	
晚上我很困。	wǎn shang wǒ hěn kùn	I am sleepy at night.	困	
中午我很饿。	zhōng wǔ wǒ hěn è	I am hungry at noon.	饿	
他很渴。	tā hěn kě	He is thirsty.	渴	
我吃饱了。	wǒ chī bǎo le	I am full.	饱	
我今天心情很好。	wǒ jīn tiān xīn qíng hěn hǎo	My mood is good today.	心情	
听了以后我很放心。	tīng le yǐ hòu wǒ hěn fàng xīn	I am relieved after hearing that.	放心	
他很难过。	tā hěn nán guò	He is upset.	难过	
游泳很累。	yóu yǒng hěn lèi	Swimming is tiring.	累	
工作很忙。	gōng zuò hěn máng	Work is busy.	忙	
考试完我很高兴。	kǎo shì wán wǒ hěn gāo xìng	I am happy after the exam.	高兴	
他总是很忙。	tā zǒng shì hěn máng	He is always busy.	总是	
今天我很紧张。	jīn tiān wǒ hěn jǐn zhāng	I am nervous today.	紧张	
我有些难过。	wǒ yǒu xiē nán guò	I am somewhat upset.	有些	
早上我很饿。	zǎo shang wǒ hěn è	I am hungry in the morning.	饿	
