# Class Tree Table talk cloze. Kitchen words mostly, some Food. English picks the blank.
hanzi	pinyin	english	blank	dictionary_entries
蔬菜不够了。	shū cài bú gòu le	There aren't enough vegetables.	蔬菜	
我还要汤。	wǒ hái yào tāng	I want more soup.	汤	
这个鱼很好吃。	zhè ge yú hěn hǎo chī	This fish is delicious.	鱼	
请给我勺子。	qǐng gěi wǒ sháo zi	Please pass me the spoon.	勺子	
西红柿炒鸡蛋好了。	xī hóng shì chǎo jī dàn hǎo le	The tomato and egg scramble is ready.	西红柿炒鸡蛋	
拌黄瓜很好吃。	bàn huáng guā hěn hǎo chī	The cucumber salad is delicious.	拌黄瓜	
再给我一个杯子。	zài gěi wǒ yí ge bēi zi	Give me another cup.	杯子	
请给我盘子。	qǐng gěi wǒ pán zi	Please pass me the plate.	盘子	
再来一杯茶。	zài lái yì bēi chá	Another cup of tea.	茶	
鸡蛋煎好了。	jī dàn jiān hǎo le	The eggs are done.	鸡蛋	
请给我餐巾纸。	qǐng gěi wǒ cān jīn zhǐ	Please pass me a napkin.	餐巾纸	
你喝汤吗？	nǐ hē tāng ma	Are you having soup?	喝	
再来一杯水。	zài lái yì bēi shuǐ	Another glass of water.	水	
汤很好喝。	tāng hěn hǎo hē	The soup is tasty.	好喝	
你做的真好吃。	nǐ zuò de zhēn hǎo chī	What you cooked is really delicious.	好吃	
我想吃北京烤鸭。	wǒ xiǎng chī běi jīng kǎo yā	I want Beijing roast duck.	北京烤鸭	
餐具不够了。	cān jù bú gòu le	There isn't enough dinnerware.	餐具	
再来一点米饭。	zài lái yì diǎn mǐ fàn	A little more rice.	米饭	
请给我筷子。	qǐng gěi wǒ kuài zi	Please pass me the chopsticks.	筷子	
请给我菜单。	qǐng gěi wǒ cài dān	Please give me the menu.	菜单	
再给我一个碗。	zài gěi wǒ yí ge wǎn	Give me another bowl.	碗	
酸辣汤很好喝。	suān là tāng hěn hǎo hē	Hot and sour soup is tasty.	酸辣汤	
快吃饭吧。	kuài chī fàn ba	Come eat.	吃	
热菜来了。	rè cài lái le	The hot dishes are here.	热菜	
再来一盘饺子。	zài lái yì pán jiǎo zi	Another plate of dumplings.	饺子	
宫保鸡丁有点辣。	gōng bǎo jī dīng yǒu diǎn là	The Kung Pao Chicken is a bit spicy.	宫保鸡丁	
这个菜太辣了。	zhè ge cài tài là le	This dish is too spicy.	辣	
米饭是主食。	mǐ fàn shì zhǔ shí	Rice is the staple.	主食	
你忌口吗？	nǐ jì kǒu ma	Do you avoid any foods?	忌口	
凉菜很好吃。	liáng cài hěn hǎo chī	The cold dishes are delicious.	凉菜	
