# Combined pool of radicals_01..05, ordered fun→boring, then split into courses.
# tier A=fun pictograph … D=stroke/obscure. fun_rank 1=most fun.
# course = redistributed target file. source = original file before reorder.
# Unified course: hanzi, pinyin, english, example_word, etymology, uncle_hanzi, uncle_decomp, dictionary_entries
hanzi	rank	pinyin	english	example_word	etymology	uncle_hanzi	uncle_decomp	dictionary_entries	source	tier	fun_rank	course
田	1	tián	field	田	The plots of a rice paddy	a rice field | usually found in context with other meanings	Component 田 | (name- field 田 tián)	[{"character":"田","dictionary":{"character":"田","definition":"field, farm, arable land; cultivated","pinyin":["tián"],"decomposition":"⿵冂土","etymology":{"type":"pictographic","hint":"The plots of a rice paddy"},"radical":"田","matches":[[0],[0],[1],[1],[1]]}}]	radicals_02	A	1	radicals_01
禾	2	hé	grain	禾	A plant stalk with a sagging head	plant grain stalk	Component 禾 | (name- grain 禾 hé)	[{"character":"禾","dictionary":{"character":"禾","definition":"cereal, grain, rice; plant, stalk","pinyin":["hé"],"decomposition":"⿱丿木","etymology":{"type":"pictographic","hint":"A plant stalk with a sagging head"},"radical":"禾","matches":[[0],[1],[1],[1],[1]]}}]	radicals_02	A	2	radicals_01
羊	3	yáng	sheep	羊		sheep with horns | in context sometimes ⺶ or ⺷	Component 羊⺷ | name- sheep 羊⺷ yáng	[{"character":"羊","dictionary":{"character":"羊","definition":"sheep, goat","pinyin":["yáng"],"decomposition":"⿱丷？","etymology":{"type":"pictographic","hint":"A sheep's head with horns"},"radical":"羊","matches":[[0],[0],null,null,null,null]}}]	radicals_02	A	3	radicals_01
竹	4	zhú	bamboo	竹	Two stalks of bamboo		Component 𥫗竹 | stand-alone 竹 | from two single-bamboo 个 gè. | (name- bamboo-top 𥫗竹 zhú)	[{"character":"竹","dictionary":{"character":"竹","definition":"bamboo; flute","pinyin":["zhú"],"decomposition":"⿰？？","etymology":{"type":"pictographic","hint":"Two stalks of bamboo"},"radical":"竹","matches":[null,null,null,null,null,null]}}]	radicals_05	A	4	radicals_01
貝	5	bèi	shell	貝	A sea shell, once used as currency	a cowry shell	Component 貝 | B004 贝[貝] new-char 贝. | (name- cowry (贝)貝 bèi)	[{"character":"貝","dictionary":{"character":"貝","definition":"sea shell; money, currency","pinyin":["bèi"],"decomposition":"⿱目八","etymology":{"type":"ideographic","hint":"A sea shell, once used as currency"},"radical":"貝","matches":[[0],[0],[0],[0],[0],[1],[1]]}}]	radicals_05	A	5	radicals_01
自	6	zì	self	自	A nose; in China, people refer to themselves by pointing to their noses	a nose | Chinese point to their nose when they say I	Component 自 | (name- nose 自 zì)	[{"character":"自","dictionary":{"character":"自","definition":"self; private, personal; from","pinyin":["zì"],"decomposition":"⿻目？","etymology":{"type":"pictographic","hint":"A nose; in China, people refer to themselves by pointing to their noses"},"radical":"自","matches":[null,[0],[0],[0],[0],[0]]}}]	radicals_05	A	6	radicals_01
舌	7	shé	tongue	舌	A tongue 千 sticking out of a mouth 口	舌 mouth-kou 口 kǒu with a tongue 干 | in context usually from 𠯑	Component 舌. | (name- mouth-tongue 舌 shé)	[{"character":"舌","dictionary":{"character":"舌","definition":"tongue; bell clapper","pinyin":["shé"],"decomposition":"⿱千口","etymology":{"type":"pictographic","hint":"A tongue 千 sticking out of a mouth 口"},"radical":"舌","matches":[[0],[0],[0],[1],[1],[1]]}}]	radicals_02	A	7	radicals_01
斤	8	jīn	axe	斤		pictograph of a hatchet-ax - a weapon or a tool or a unit of weight because it is made of metal | an ax	Component 斤 | C278 斤<觔> simp 斤 | (name- ax 斤 jīn)	[{"character":"斤","dictionary":{"character":"斤","definition":"a catty (about 500 grams); an axe; keen, shrewd","pinyin":["jīn"],"decomposition":"⿸厂下","radical":"斤","matches":[[0],[0],[1],[1]]}}]	radicals_02	A	8	radicals_01
户	9	hù	door	户	Simplified form of 戶; a door swinging on its hinge	a one leafed door-hu 户戶戸 hù	Component 戶戸 | F033 户戶 simp 户 | (name- door (户)戶戸 hù)	[{"character":"户","dictionary":{"character":"户","definition":"door; family","pinyin":["hù"],"decomposition":"⿱丶尸","etymology":{"type":"pictographic","hint":"Simplified form of 戶; a door swinging on its hinge"},"radical":"户","matches":[[0],[1],[1],[1]]}}]	radicals_02	A	9	radicals_01
戈	10	gē	halberd	戈		long handled instrument, could be anything from a rake to a halberd	Component 戈 | (name- dagger-ax 戈 gē)	[{"character":"戈","dictionary":{"character":"戈","definition":"spear, lance, halberd","pinyin":["gē"],"decomposition":"？","etymology":{"type":"pictographic","hint":"A spear pointing to the bottom-right"},"radical":"戈","matches":[null,null,null,null]}}]	radicals_02	A	10	radicals_01
囗	11	wéi	enclosure	中国		fenced or walled enclosure	Component 囗 | (name- enclosure 囗 wéi)	[{"character":"囗","dictionary":{"character":"囗","definition":"enclosure; border","pinyin":["wéi"],"decomposition":"⿱冂一","radical":"囗","matches":[[0],[0],[1]]}}]	radicals_01	A	11	radicals_02
糸	12	mì	silk	糸	A twisted strand of silk	糸 twisted thread | Kangxi radical | 絜絮繄縈紥絷縶紫繁纍 | 緊繫纂絭𨤙 | 丝絲𢇁 sī 素𦃃sù 索𥿟suǒ | 𣎵 bèi 系xì 𢾰huī | 縠繭 𢇍縻弦羅𦌴緜彞縢𦪝絛辮 | See 纟糹	Component 糸 | R04 纟糹糸. | (name- single-thread 糸 mì)	[{"character":"糸","dictionary":{"character":"糸","definition":"silk; thread","pinyin":["mì"],"decomposition":"⿱幺小","etymology":{"type":"pictographic","hint":"A twisted strand of silk"},"radical":"糸","matches":[[0],[0],[0],[1],[1],[1]]}}]	radicals_03	A	12	radicals_02
寸	13	cùn	inch	时间		a hand with thumb indicating an inch	Component 寸 | (name- hand-and-thumb 寸 cùn)	[{"character":"寸","dictionary":{"character":"寸","definition":"inch; small, tiny","pinyin":["cùn"],"decomposition":"？","etymology":{"type":"ideographic","hint":"A hand with a dot indicating where the pulse can be felt, about an inch up the wrist"},"radical":"寸","matches":[null,null,null]}}]	radicals_01	A	13	radicals_02
戶	14	hù	door	戶	A door swinging on its hinge	a one leafed door-hu 户戶戸 hù	Component 戶戸 | F033 户戶 simp 户 | (name- door (户)戶戸 hù)	[{"character":"戶","dictionary":{"character":"戶","definition":"door; family","pinyin":["hù"],"decomposition":"⿻？尸","etymology":{"type":"pictographic","hint":"A door swinging on its hinge"},"radical":"户","matches":[null,[1],[1],[1]]}}]	radicals_04	A	14	radicals_02
皿	15	mǐn	dish	皿		a large bronze bowl	Component 皿 | (name- bowl 皿 mǐn)	[{"character":"皿","dictionary":{"character":"皿","definition":"dish, vessel; shallow container","pinyin":["mǐn"],"decomposition":"⿱？一","radical":"皿","matches":[null,null,null,null,[1]]}}]	radicals_04	A	15	radicals_02
示	16	shì	spirit	示		an altar, indicating things related to the gods	Component 示𥘅 | (name- altar 礻示 shì)	[{"character":"示","dictionary":{"character":"示","definition":"altar; ceremony; to show, to demonstrate","pinyin":["shì"],"decomposition":"⿱二小","etymology":{"type":"pictographic","hint":"An altar"},"radical":"示","matches":[[0],[0],[1],[1],[1]]}}]	radicals_05	A	16	radicals_02
力	17	lì	power	努力	A plow's head representing strength	力 a plow without hand | 耒 a plow with hand | B007 边[邊] | B059 历[歷曆] | B091 穷[窮] | A220 伤[傷]	Component 力𠠲 | (name- strength 力 lì)	[{"character":"力","dictionary":{"character":"力","definition":"strength, power; capability, influence","pinyin":["lì"],"decomposition":"⿻丿？","etymology":{"type":"ideographic","hint":"A plow's head representing strength"},"radical":"力","matches":[null,[0]]}}]	radicals_01	A	17	radicals_02
灬	18	huǒ	fire	灬		from 火 in 然 黑𪐗	Component 灬. | (name- fire-dots 灬火 huǒ)	[{"character":"灬","dictionary":{"character":"灬","definition":"fire","pinyin":["huǒ"],"decomposition":"？","radical":"灬","matches":[null,null,null,null]}}]	radicals_05	A	18	radicals_02
毛	19	máo	fur	毛		seal feather 毛 curves to left | seal hand 手 curves right	Component 毛 | (name- bird-feather 毛 máo)	[{"character":"毛","dictionary":{"character":"毛","definition":"hair, fur, feathers; coarse","pinyin":["máo"],"decomposition":"⿻乇一","radical":"毛","matches":[[0],[0],[1],[0]]}}]	radicals_02	B	19	radicals_02
犬	20	quǎn	dog	犬		from a pictograph of a dog 獒獘獃 | in context written as 犭	Component 犬 | from (rem- 大 dà) and | (rem- 丶 zhǔ) | (name- dog 犬 quǎn)	[{"character":"犬","dictionary":{"character":"犬","definition":"dog","pinyin":["quǎn"],"decomposition":"⿻大丶","etymology":{"type":"pictographic","hint":"A dog turned to the side"},"radical":"犬","matches":[[0],[0],[0],[1]]}}]	radicals_05	B	20	radicals_02
鳥	21	niǎo	bird	鳥	A bird	a bird	Component 鳥 | B080 鸟[鳥] new-char 鸟. | (name- bird (鸟)鳥 niǎo)	[{"character":"鳥","dictionary":{"character":"鳥","definition":"bird","pinyin":["niǎo"],"decomposition":"⿹？灬","etymology":{"type":"pictographic","hint":"A bird"},"radical":"鳥","matches":[null,null,null,null,null,null,null,[1],[1],[1],[1]]}}]	radicals_05	B	21	radicals_02
虫	22	chóng	insect	虫		later came to mean insect or other biting animal	Compound 蟲 | from three insect 虫 chóng | B016 虫[蟲] simp 虫. | (name- three-insect (虫)蟲 chóng)	[{"character":"虫","dictionary":{"character":"虫","definition":"insect, worm; mollusk","pinyin":["chóng"],"decomposition":"⿱中？","etymology":{"type":"pictophonetic","phonetic":"中"},"radical":"虫","matches":[[0],[0],[0],[0],null,null]}}]	radicals_05	B	22	radicals_02
舟	23	zhōu	boat	舟	A boat	a boat	Component 舟 | (name- boat 舟 zhōu)	[{"character":"舟","dictionary":{"character":"舟","definition":"boat, ship","pinyin":["zhōu"],"decomposition":"⿻？？","etymology":{"type":"pictographic","hint":"A boat"},"radical":"舟","matches":[null,null,null,null,null,null]}}]	radicals_05	B	23	radicals_02
革	24	gé	leather	革	An animal being skinned	a flayed skin	Component 革𠦶 | name- animal-skin 革 gé	[{"character":"革","dictionary":{"character":"革","definition":"leather, animal hide; to reform; to remove","pinyin":["gé"],"decomposition":"⿱廿？","etymology":{"type":"pictographic","hint":"An animal being skinned"},"radical":"革","matches":[[0],[0],[0],[0],null,null,null,null,null]}}]	radicals_05	B	24	radicals_02
犭	25	quǎn	dog	犭	A dog turned to the side	豸-猫貓 獾貛䝔 狳㺄貐 犴豻 狸貍 猯貒 | 豕-猪豬 | 犭-犯𤜛 狂𤝵 猎獵 猱獿 猊麑 狎狹 | 犭-獅師 狩獸 犾㹜 狺㹞 犹猶 猨猿 | 犭-狗獨獾狴猜猝狄獷猴狐 | 犭- 狙獲狷獧玃獪狼獠猛狃 | 犭-狻獺猥獫獮猩猰猗猌 | n 狒狽猹猖猓猢獍獗猁獁 | n 玀獴狉獼獰犰狨猞狉猻 | n 猬猇獬獯狥猺狁猙 | 鹿-獐麞	Component 犭 | (name- dog-left 犭 quǎn).	[{"character":"犭","dictionary":{"character":"犭","definition":"dog","pinyin":["quǎn"],"decomposition":"⿻？？","etymology":{"type":"pictographic","hint":"A dog turned to the side"},"radical":"犭","matches":[null,null,null]}}]	radicals_04	B	25	radicals_03
扌	26	shǒu	hand	扌	A hand with the fingers splayed; compare 手	扌 context form of 手 | 310+ common characters | A274 亵[褻]埶 | A228 势[勢]埶 | A212 热[熱]埶 | but not 执埶 | B130 执[執]扌幸 | 垫墊 蛰蟄 絷縶 挚摯 | 鸷鷙 贽贄 | A009 报[報]扌幸 | see 折㪿 奉 承 举舉擧 | R11 𠬤睪	Component 扌 | from hand 手 shǒu. | (name- hand-left 扌 shǒu)	[{"character":"扌","dictionary":{"character":"扌","definition":"hand","pinyin":["shǒu"],"decomposition":"⿻二亅","etymology":{"type":"pictographic","hint":"A hand with the fingers splayed; compare 手"},"radical":"扌","matches":[[0],[1],[0]]}}]	radicals_03	B	26	radicals_03
氵	27	shuǐ	water	氵		context form of 水 | 氵hundreds of characters | 冫sometimes from 氵 | 冫sometimes original | 没沒𣴬 | 平𠀭 | See 益益	Component 氵 | (name- three-dot-water 氵 shuǐ)	[{"character":"氵","dictionary":{"character":"氵","definition":"water","pinyin":["shuǐ"],"decomposition":"⿱？？","radical":"氵","matches":[null,null,null]}}]	radicals_03	B	27	radicals_03
忄	28	xīn	heart	忄		the human torso showing breasts, stomach and navel, now meaning heart | in context usually seen as 忄sometimes as 㣺	Component 忄㣺心 | (name- heart 忄 xīn) | (name- heart 心 xīn) | (name- heart-variant 㣺 xīn)	[{"character":"忄","dictionary":{"character":"忄","definition":"heart; mind; soul","pinyin":["xīn"],"decomposition":"⿻八丨","radical":"忄","matches":[[0],[0],[1]]}}]	radicals_04	B	28	radicals_03
⺗	29	xīn	heart	⺗	Originally a pictogram of the human heart 心. In Chinese thought, the heart was considered the center of emotion, thought, and intention.			[{"character":"⺗","dictionary":{"character":"⺗","definition":"heart; mind; soul","pinyin":["xīn"],"decomposition":"？","radical":"⺗","matches":[null,null,null,null]}}]	radicals_05	B	29	radicals_03
⺮	30	zhú	bamboo	⺮	Two stalks of bamboo; see 竹			[{"character":"⺮","dictionary":{"character":"⺮","definition":"bamboo; flute","pinyin":["zhú"],"decomposition":"？","etymology":{"type":"pictographic","hint":"Two stalks of bamboo; see 竹"},"radical":"⺮","matches":[null,null,null,null,null,null]}}]	radicals_05	B	30	radicals_03
礻	31	shì	spirit	礻		an altar, indicating things related to the gods	Component 示𥘅 | (name- altar 礻示 shì)	[{"character":"礻","dictionary":{"character":"礻","definition":"spirit","pinyin":["shì"],"decomposition":"⿱？卜","radical":"礻","matches":[null,null,[1],[1]]}}]	radicals_04	B	31	radicals_03
几	32	jǐ	table	几		the original machine | a loom with strings and a weaver - many threads, first machine	Component 幾 | from two-threads 𢆶 yōu and | dagger-ax 戈 gē and | person 人 rén | B044 几[幾] simp 几. | (name- loom 幾 jǐ) | (name- stool-loom (几)幾 jǐ)	[{"character":"几","dictionary":{"character":"几","definition":"small table; how many; a few, some","pinyin":["jǐ"],"decomposition":"⿰丿乙","etymology":{"type":"pictographic","hint":"A small table; compare 丌"},"radical":"几","matches":[[0],[1]]}}]	radicals_03	B	32	radicals_03
工	33	gōng	work	工	A spade or other workman's tool	𢒄 is a ruler in 式 | 壬 is probably a 扁擔 or carrying pole in most other cases as in 贡貢 | remnant  | phonetic 	Component 工 older 𢒄 | name- carrying-pole 工 gōng | name- ruler 工𢒄 gōng	[{"character":"工","dictionary":{"character":"工","definition":"labor, work; laborer, worker","pinyin":["gōng"],"decomposition":"⿱一丄","etymology":{"type":"pictographic","hint":"A spade or other workman's tool"},"radical":"工","matches":[[0],[1],[1]]}}]	radicals_05	B	33	radicals_03
亻	34	rén	man	人们	Visual abbreviation of 人		Component 人 亻 | from (not- 八 bā) and | (not- 入 rù). | (name- person 人 rén) | (name- person-left 亻 rén)	[{"character":"亻","dictionary":{"character":"亻","definition":"man, person; people","pinyin":["rén"],"decomposition":"？","etymology":{"type":"ideographic","hint":"Visual abbreviation of 人"},"radical":"亻","matches":[null,null]}}]	radicals_01	B	34	radicals_03
宀	35	mián	roof	家		a house or building	Component 宀. | (name- building 宀 mián)	[{"character":"宀","dictionary":{"character":"宀","definition":"roof; house","pinyin":["mián"],"decomposition":"⿱丶冖","radical":"宀","matches":[[0],[1],[1]]}}]	radicals_01	B	35	radicals_03
刂	36	dāo	knife	刂		an ancient knife | In context it is usually 刂	Component 刀刂 | (name- knife 刀 dāo) | (name- knife 刂 dāo)	[{"character":"刂","dictionary":{"character":"刂","definition":"knife","pinyin":["dāo"],"decomposition":"⿰丨亅","radical":"刂","matches":[[0],[1]]}}]	radicals_03	B	36	radicals_03
訁	37	yán	speech	訁		a man standing and speaking to you	Component 訁 | new-char 讠 | R01 讠訁言. | (name- mouth-speak (讠)訁 yán)	[{"character":"訁","dictionary":{"character":"訁","definition":"words, speech; to speak, to say","pinyin":["yán"],"decomposition":"？","etymology":{"type":"ideographic","hint":"A tongue sticking out of a mouth 口"},"radical":"訁","matches":[null,null,null,null,null,null,null]}}]	radicals_04	B	37	radicals_03
欠	38	qiàn	lack	欠		欠 a man with mouth facing left	Component 欠 | (name- person-mouth-open 欠 qiàn)	[{"character":"欠","dictionary":{"character":"欠","definition":"to lack, to owe; to breathe, to yawn","pinyin":["qiàn"],"decomposition":"⿱⺈人","etymology":{"type":"ideographic","hint":"A man 人 yawning ⺈"},"radical":"欠","matches":[[0],[0],[1],[1]]}}]	radicals_02	B	38	radicals_03
方	39	fāng	square	方	Man carrying a pole. Originally associated with direction or balanced sides; later came to mean square, region, and method.	man carrying a carrying pole 扁擔 | it carries stuff 東西 bag and basket | it has two ends east 東 and west 西 | 放 means to put down the carrying pole	Component 方 | (name- carry-pole 方 fāng)	[{"character":"方","dictionary":{"character":"方","definition":"square, rectangle; side; region; flag","pinyin":["fāng"],"decomposition":"⿱亠？","radical":"方","matches":[[0],[0],null,null]}}]	radicals_04	B	39	radicals_03
八	40	bā	eight	八月		often indicating separation | number 8	Component 八丷 | from (not- 人 rén) and | (not- 入 rù). | (name- separation 丷八 bā)	[{"character":"八","dictionary":{"character":"八","definition":"eight; all around, all sides","pinyin":["bā"],"decomposition":"？","etymology":{"type":"ideographic","hint":"Two bent lines meaning \"to divide\""},"radical":"八","matches":[null,null]}}]	radicals_01	B	40	radicals_03
十	41	shí	ten	什么		indicates completeness 十	Component 十 from 丨 | from number-one 一 yī and | phonetic stroke-type 丨 gǔn. | (name- number-ten 十 shí)	[{"character":"十","dictionary":{"character":"十","definition":"ten, tenth; complete; perfect","pinyin":["shí"],"decomposition":"⿻一丨","radical":"十","matches":[[0],[1]]}}]	radicals_01	B	41	radicals_04
攴	42	pū	rap, tap	攴	A hand 又 wielding a stick ⺊, makes a character into a verb		Component 攵 older 攴 | from right-hand 又 yòu and | (rem+ 卜 bo a-tool). | (name- hand-action 攵攴 pū)	[{"character":"攴","dictionary":{"character":"攴","definition":"to rap, to tap","pinyin":["pū"],"decomposition":"⿱⺊又","etymology":{"type":"pictographic","hint":"A hand 又 wielding a stick ⺊"},"radical":"攴","matches":[[0],[0],[1],[1]]}}]	radicals_05	B	42	radicals_04
攵	43	pū	rap, tap	攵		a hand with a tool, makes a character into a verb	Component 攵 older 攴 | from right-hand 又 yòu and | (rem+ 卜 bo a-tool). | (name- hand-action 攵攴 pū)	[{"character":"攵","dictionary":{"character":"攵","definition":"to rap, to tap; script; to let go","pinyin":["pū"],"decomposition":"⿱？乂","etymology":{"type":"pictographic","hint":"A fist made with one's right hand"},"radical":"攵","matches":[null,null,[1],[1]]}}]	radicals_04	B	43	radicals_04
至	44	zhì	arrive	至		arrow in the ground indicating it has reached it's destination	Component 至 | from arrow 矢 shǐ and | (rem+ 一 yī ground). | (name- arrow-arrive 至 zhì)	[{"character":"至","dictionary":{"character":"至","definition":"reach, arrive; very, extremely","pinyin":["zhì"],"decomposition":"⿱⿱一厶土","etymology":{"type":"ideographic","hint":"A bird alighting on the ground 土"},"radical":"至","matches":[[0,0],[0,1],[0,1],[1],[1],[1]]}}]	radicals_03	B	44	radicals_04
彳	45	chì	step	彳		left half of a road-intersection-xing 行 xíng | the road where they sell in 徽 | motion on a road in 往	Component 彳 | (name- road-left 彳 chì)	[{"character":"彳","dictionary":{"character":"彳","definition":"to step with the left foot","pinyin":["chì"],"decomposition":"⿱？丨","radical":"彳","matches":[null,null,[1]]}}]	radicals_02	B	45	radicals_04
厶	46	sī	private	去	A silk cocoon	㠯 yǐ 厶 sī two mouth characters distinguishable in seal characters | 厶 in 牟能勾公厸[台] | bicep in 厷 | hat in 弁 | string in 𤔔 | stars in 參曑 | dirt in 厽弘 | remnant 畆 | phonetic 私 | 㠯 in 允[台] | 纟糹糸	Component 厶. | (name- mouth 厶 sī)	[{"character":"厶","dictionary":{"character":"厶","definition":"private, secret","pinyin":["sī"],"decomposition":"？","etymology":{"type":"pictographic","hint":"A silk cocoon"},"radical":"厶","matches":[null,null]}}]	radicals_01	B	46	radicals_04
王	47	wáng	jade	王	A man 十 bridging heaven and earth (both 一)	王 modification of person-stand-li 立 lì with line above indicating sky | actually 王 is like seal character for jade, the dot was added later to distinguish from king. seal character for king has middle line above center	Component 王 | from (not- 壬 rén) and | (not- 玉 yù)(not- 𡈼 tǐng). | (name- person-king 王 wáng)	[{"character":"王","dictionary":{"character":"王","definition":"king, ruler; royal; surname","pinyin":["wáng"],"decomposition":"⿱一土","etymology":{"type":"ideographic","hint":"A man 十 bridging heaven and earth (both 一)"},"radical":"王","matches":[[0],[1],[1],[1]]}}]	radicals_05	C	47	radicals_04
一	48	yī	one	十一	Represents heaven (天), earth (旦), or the number 1		Component 一 | (name- number-one 一 yī)	[{"character":"一","dictionary":{"character":"一","definition":"one; a, an; alone","pinyin":["yī"],"decomposition":"？","etymology":{"type":"ideographic","hint":"Represents heaven (天), earth (旦), or the number 1"},"radical":"一","matches":[null]}}]	radicals_01	C	48	radicals_04
二	49	èr	two	十二月	Two  parallel lines; compare 一 (one) and 三 (three)	different code points 二 èr and 𠄞 shàng but they look exactly the same	Component 二 | from two number-one 一 yī and | above 𠄠𠄞丄上 shàng and | (not- 𠄟 xià) and | (not- 𠄠 shàng). | (name- number-two 二 èr) | (name- above 𠄞丄上 shàng)	[{"character":"二","dictionary":{"character":"二","definition":"two; twice","pinyin":["èr"],"decomposition":"⿱一一","etymology":{"type":"ideographic","hint":"Two  parallel lines; compare 一 (one) and 三 (three)"},"radical":"二","matches":[[0],[1]]}}]	radicals_05	C	49	radicals_04
糹	50	sī	silk	糹	A twisted strand of silk	緋紛縫紱紼縛紺纲綱紞 | 縞紇給綆緱緄絎紘繙紿 | 縉經絅糺糾綄繯𦇏綞縗 | 繪緝績級紀繙紡締絰緞 | 纏緾綝絺紬綢絀綽純綳 | 繃編緥纔綵絆綁綜総縂 | 總緫纵縱組綎纆䌔絪继 | 繼緘縑繮絳絞紙緻終緣 | 約紜緼縕綺繾綪縴紂縐 | 绉紵綴縋綧緇纘緬緲緡 | 繆納紐紕縹綦綮繦繰綣 | 纕繞紉紝絨繻縟繖繅紗 | 繕緔紹紳繩綬紓繳結絹 | 絕緙絝纊綑纜縲絃线綫 | 缐緗綃緒續續纁紃綖縯 | 縊繶繹纓練練練綡繚綾 | 綹缕縷綠綸絡縵綿緦綏 | 縮縚縧綯綈緹統紈綰網 | 維緯紋紊细細𥿳綌纤纖 | 繒綻縝紖织織紆纈絏緤 | 紲綉绣繡縭	Component 糹 | R04 纟糹糸 | new-char 纟 | (name- single-thread (纟)糹 mì)	[{"character":"糹","dictionary":{"character":"糹","definition":"silk; thread","pinyin":["sī"],"decomposition":"⿱幺？","etymology":{"type":"pictographic","hint":"A twisted strand of silk"},"radical":"糹","matches":[[0],[0],[0],null,null,null]}}]	radicals_05	C	50	radicals_04
辵	51	chuò	walk	辵		A foot walking on a road. | In ancient characters may appear as 彳 or 止 or both.	Component 辶 older 辵 | from road-left 彳 chì and | foot-forward 龰止 zhǐ | simp 辶. | (name- road-and-foot 辶辶辵 chuò)	[{"character":"辵","dictionary":{"character":"辵","definition":"to walk; walking","pinyin":["chuò"],"decomposition":"⿱彡止","etymology":{"type":"pictophonetic","semantic":"止","hint":"foot"},"radical":"辵","matches":[[0],[0],[0],[1],[1],[1],[1]]}}]	radicals_04	C	51	radicals_04
頁	52	yè	leaf	頁	A person's head		PComponent 頁 older 𩑋 | from person 儿 ér and | head 𦣻首𩠐 shǒu | B120 页[頁] new-char 页. | (name- person-head (页)頁 yè)	[{"character":"頁","dictionary":{"character":"頁","definition":"page, sheet, leaf","pinyin":["yè"],"decomposition":"⿱？貝","etymology":{"type":"pictographic","hint":"A person's head"},"radical":"頁","matches":[null,null,[1],[1],[1],[1],[1],[1],[1]]}}]	radicals_04	C	52	radicals_04
尸	53	shī	corpse	尸	A man keeled over	尸 person squatting | 𡰣 屉屜屧屟 層 屏屛 屡屢 | woman 居孱羼𡰥 | sitting 屎刷㞑尾屚尿屁[属屬]屑㞋屙𡱂屋𡲬屈 | walking 届屆 尺 | laying 屍屠辟 | other 鸤鳲 展㞡 屓屃 尼 屐 履屣 | 戶 in 局𡱈𢩁	Component 尸 | C529 尸<屍> simp 尸. | (name- person-squatting 尸 shī)	[{"character":"尸","dictionary":{"character":"尸","definition":"body, corpse","pinyin":["shī"],"decomposition":"⿰丿？","etymology":{"type":"pictographic","hint":"A man keeled over"},"radical":"尸","matches":[null,null,[0]]}}]	radicals_04	C	53	radicals_04
卜	54	bo	divination	卜	A crack on an oracle bone	tool 攵攴pū 畏𤱫wèi | 占zhàn 贞貞zhēn 歺𣦵è 骨 | 卦guà 外wài 钋釙pō | 卟bǔ 讣訃fù 赴fù 扑 | A015 卜[蔔]bo A016 补[補]bǔ | A037 处[處]処chù 𠧨咎jiù 晷guǐ | A192 扑[撲]pū A193 仆[僕]pū | A194 朴[樸]pǔ 卧臥wò 兆𠧞zhào | 卓㔬zhuó	Component 卜 older ⺊𠁡 | A015 卜[蔔] simp 卜. | (name- bone-crack 卜 bo)	[{"character":"卜","dictionary":{"character":"卜","definition":"divination, fortune-telling; prophecy","pinyin":["bo"],"decomposition":"⿻丨丶","etymology":{"type":"pictographic","hint":"A crack on an oracle bone"},"radical":"卜","matches":[[0],[1]]}}]	radicals_02	C	54	radicals_04
匕	55	bǐ	spoon	匕	A spoon	baby animal 牝麀 | man 𠤗比死化匘尼旨此 | man 㫐𠤏 卬𠨐 艮𥃩 | man 卓𠤞㔬 齔龀 頃顷16 | mouth 𠤕 | bowl 皀鬯 | cane 老 | feet 能 | spoon 匙 | cursive (仑)侖 真眞	Component 匕 variant 𠤎 | (not- 七 qī seven) | (name- person-right 匕 bǐ) | (name- person-right-variant 𠤎匕 bǐ)	[{"character":"匕","dictionary":{"character":"匕","definition":"spoon, ladle; knife, dirk","pinyin":["bǐ"],"decomposition":"⿺乚丿","etymology":{"type":"pictographic","hint":"A spoon"},"radical":"匕","matches":[[1],[0]]}}]	radicals_02	C	55	radicals_04
勹	56	bāo	wrap	勹		person holding something | 包訇匈匋匐匍甸 冢𠣥. | hand and fingers 匀勻均. | person in 亟𠄹 軍𠣞. | spoon in 勺. | person in 匄匃. | hand in 刍芻禹匊. | remnant in 勿匆. | hook in 句勾. | snake in 𦉶. | 十 in 旬.	Component 勹. | (name- person-hold 勹 bāo)	[{"character":"勹","dictionary":{"character":"勹","definition":"wrap","pinyin":["bāo"],"decomposition":"⿰丿？","radical":"勹","matches":[[0],null]}}]	radicals_05	C	56	radicals_04
厂	57	chǎng	cliff	厂	Originally depicted a cliff or steep rock face. Often appears in characters related to mountainsides, shelter, or rocky overhangs.	山岸 cliff 厈岸㟁𠪚𠪔𠪘厓原厃. | simplification (厂)	Component 厂 | A026 厂[廠] simp 厂 | (name- cliff 厂 hǎn-àn)	[{"character":"厂","dictionary":{"character":"厂","definition":"cliff; factory, workshop; building","pinyin":["chǎng"],"decomposition":"？","radical":"厂","matches":[null,null]}}]	radicals_02	C	57	radicals_04
广	58	guǎng	dotted cliff	广	A lean-to 厂, suggesting a building		Compound 廣 | from building 广 guǎng-yǎn and | phonetic yellow-sun 黃 huáng | B035 广[廣] | simp 广. | (name- wide (广)廣 guǎng)	[{"character":"广","dictionary":{"character":"广","definition":"broad, vast, wide; building, house","pinyin":["guǎng"],"decomposition":"⿱丶厂","etymology":{"type":"ideographic","hint":"A lean-to 厂, suggesting a building"},"radical":"广","matches":[[0],[1],[1]]}}]	radicals_02	C	58	radicals_04
冫	59	bīng	ice	冫		ice in 凓𠘍 冰氷	Component 冫. | (name- two-dot-ice 冫 bīng)	[{"character":"冫","dictionary":{"character":"冫","definition":"ice","pinyin":["bīng"],"decomposition":"⿱丶？","radical":"冫","matches":[[0],null]}}]	radicals_02	C	59	radicals_05
阜	60	fù	mound	阜		a wall, viewed from the left side, showing the turrets	Component 阝阜𨸏 | (name- left-wall 阝阜𨸏 fù)	[{"character":"阜","dictionary":{"character":"阜","definition":"mound; abundant, ample, numerous","pinyin":["fù"],"decomposition":"⿳丿㠯十","radical":"阜","matches":[[0],[1],[1],[1],[1],[1],[2],[2]]}}]	radicals_04	C	60	radicals_05
冖	61	mì	cloth cover	学校	A cover-cloth	(cover, roof, sky 冥𠖇 冠 | (写)寫 冗宂 | 冂 jiōng) | 勹 in 軍 | cage 冤寃𡨘 | remnants of other things	Component 冖. | (name- cover 冖 mì)	[{"character":"冖","dictionary":{"character":"冖","definition":"cover","pinyin":["mì"],"decomposition":"？","etymology":{"type":"pictographic","hint":"A cover-cloth"},"radical":"冖","matches":[null,null]}}]	radicals_01	C	61	radicals_05
亠	62	tóu	lid	亠		 roof in 京高㐭亨𠅠享亯	Component 亠. | (name- head-and-shoulders 亠 tóu)	[{"character":"亠","dictionary":{"character":"亠","definition":"lid, cover; head","pinyin":["tóu"],"decomposition":"⿱丶一","radical":"亠","matches":[[0],[1]]}}]	radicals_04	C	62	radicals_05
冂	63	jiōng	wide	冂		usually indicates a wide expanse like the sky | see 冖	Component 冂. | (name- sky 冂 jiōng)	[{"character":"冂","dictionary":{"character":"冂","definition":"wide","pinyin":["jiōng"],"decomposition":"⿰丨？","radical":"冂","matches":[[0],null]}}]	radicals_03	C	63	radicals_05
彡	64	shān	bristle	彡	Tufts of hair	Kangxi 59 | stripes in 彦彥彣彤彧彩彪彫形 | water in 津𣸁𦘔修 | hair in 髟尨耏須鬚 | three in 曑參 | beating drum in 彭 | plow lines in 彬 | shadow 影 | phonetic san in 衫釤杉 | vapor in 鬱 | characters in 彰 | seeds in 穆	Component 彡. | (name- three-stripes-shan 彡 shān)	[{"character":"彡","dictionary":{"character":"彡","definition":"hair; sunlight","pinyin":["shān"],"decomposition":"⿳丿丿丿","etymology":{"type":"pictographic","hint":"Tufts of hair"},"radical":"彡","matches":[[0],[1],[2]]}}]	radicals_04	C	64	radicals_05
艮	65	gěn	stopping	艮	Originally a pictogram of a foot. Later associated with halting or stopping movement.	inversion- of to-see-jian 见見 jiàn | not 良良𣌩 liang | not 皀 jí | not 饣飠食 | not 𢓴退𨓤 | phonetic in 哏 垠𡋳 墾貇 | 很𢓼 恨𢚉 懇恳 根𣒨 珢𤥛 痕𤶨 眼𥆢 硍𥓀 艰艱𥌵 茛 裉 𬣳詪𧨛 豤𧱗狠貇 跟𨁞 银銀𨧏 限𨹨 龈齦𪘟	Component 艮 older 𥃩 | from eye 目 mù and | person-right 匕 bǐ. | (name- person-look-away 艮𥃩 gěn)	[{"character":"艮","dictionary":{"character":"艮","definition":"blunt; tough, chewy","pinyin":["gěn"],"decomposition":"⿸？？","radical":"艮","matches":[null,null,null,null,null,null]}}]	radicals_02	C	65	radicals_05
夂	66	zhǐ	go	夂	Shape possibly related to: a foot, trailing leg, walking	Shuowen: had two different forms | hopelessly confused from their real origins which were all some kind of foot | 夂 zhǐ 夊 suī | 夌líng 夋qūn 复fù 夏夓xià 夔kuí 愛𢙴ài 慶qìng	Component 夂. | (name- bottom-foot 夂夊 zhǐ-suī)	[{"character":"夂","dictionary":{"character":"夂","definition":"to go","pinyin":["zhǐ"],"decomposition":"⿻丿又","radical":"夂","matches":[[0],[1],[1]]}}]	radicals_02	C	66	radicals_05
卩	67	jié	seal (device)	卩	A rolled-up scroll or kneeling person	A kneeling person facing left. | Shuowen: 㔾 jié a sprout. | Shuowen: 卩 jié a seal. | Sometimes appears as 巴. | 卪 jié from Kangxi font.	Component 卩 variants 㔾卪. | (name- person-kneeling 卩㔾卪 jié)	[{"character":"卩","dictionary":{"character":"卩","definition":"seal; kneeling person","pinyin":["jié"],"decomposition":"⿰丨？","etymology":{"type":"pictographic","hint":"A rolled-up scroll or kneeling person"},"radical":"卩","matches":[null,[0]]}}]	radicals_02	C	67	radicals_05
㔾	68	xiān	seal (device)	㔾	A rolled-up scroll or kneeling person; compare 卩	A kneeling person facing left. | Shuowen: 㔾 jié a sprout. | Shuowen: 卩 jié a seal. | Sometimes appears as 巴. | 卪 jié from Kangxi font.	Component 卩 variants 㔾卪. | (name- person-kneeling 卩㔾卪 jié)	[{"character":"㔾","dictionary":{"character":"㔾","definition":"seal; kneeling person","pinyin":["xiān"],"decomposition":"？","etymology":{"type":"pictographic","hint":"A rolled-up scroll or kneeling person; compare 卩"},"radical":"㔾","matches":[null,null]}}]	radicals_05	C	68	radicals_05
彐	69	jì	snout	彐	Ancient pictogram of an animal snout or muzzle; now mostly used as a structural component.	font dependent | variant of 彑 | variant of ⺕ | Kangxi 58 | B017 刍[芻] | B023 当[當噹] | A217 扫[掃] | A068 妇[婦] | B036 归[歸] | B114 寻[尋] | A257 稳[穩] | A202 寝[寢] | B124 隐[隱]	Component 彐 | (name- backward-E 彐 yi)	[{"character":"彐","dictionary":{"character":"彐","definition":"snout","pinyin":["jì"],"decomposition":"⿹？二","radical":"彐","matches":[null,[1],[1]]}}]	radicals_03	C	69	radicals_05
彑	70	jì	snout	彑		nose and tusks of a pig 彖彘 | 彔彙	Component 彑 . | (name- pig-head 彑 jì)	[{"character":"彑","dictionary":{"character":"彑","definition":"snout","pinyin":["jì"],"decomposition":"⿱？一","etymology":{"type":"pictographic","hint":"A head-on view of a snout"},"radical":"彑","matches":[null,null,[1]]}}]	radicals_05	C	70	radicals_05
⺈	71	rén	knife	⺈	Variant form related to a knife 刀 or cutting tool, usually appearing at the top of characters.	person 色臽矦厃敻負 奐𢍅𢍅 | head 鱼魚免㲋 | hand 争爭 𤔌𪺍刍 | other 角𧢲 衡𧗾 | (𤔌>𪺍>刍(爫>⺈))㥯 | 及 in 急㤂 | A257 稳[穩]Not急[㥯] | B124 隐[隱]Not急[㥯] | B017 刍[芻]	Component(NAC) ⺈ . | (name- person-top ⺈ rén)	[{"character":"⺈","dictionary":{"character":"⺈","definition":"knife","pinyin":["rén"],"decomposition":"？","radical":"⺈","matches":[null,null]}}]	radicals_05	C	71	radicals_05
氺	72	shui	water	氺	A river running between two banks; compare 川 and 水			[{"character":"氺","dictionary":{"character":"氺","pinyin":["shui"],"decomposition":"⿻亅？","etymology":{"type":"ideographic","hint":"A river running between two banks; compare 川 and 水"},"radical":"氺","matches":[[0],null,null,null,null]}}]	radicals_05	C	72	radicals_05
乙	73	yǐ	second	乙	Ancient curved symbol, possibly representing bending or sprouting growth.	Shuowen says: it is a sprout | second; 2nd heavenly stem | variant 乚 in 乹亁 | A292 亿[億] | A293 忆[憶] | B122 艺[藝] | phonetic in 钇釔 | motion in 失𢩥 穵 | remnant in 凼氹	Component 乙 | (name- heavenly-stem-two 乙 yǐ) | Stroke 33	[{"character":"乙","dictionary":{"character":"乙","definition":"second; 2nd heavenly stem","pinyin":["yǐ"],"decomposition":"？","etymology":{"type":"pictographic","hint":"A swallow"},"radical":"乙","matches":[null]}}]	radicals_05	D	73	radicals_05
亅	74	jué	hook	小心	Common stroke type	Stroke type 7 Gōu, 鉤钩	Component 亅 . | (name- gou-stroke 亅 gōu)	[{"character":"亅","dictionary":{"character":"亅","definition":"hook","pinyin":["jué"],"decomposition":"？","radical":"亅","matches":[null]}}]	radicals_01	D	74	radicals_05
丿	75	piě	slash	丿		Stroke type 6 Piě, 撇	Component 丿. | (name- stroke-type 丿 piě)	[{"character":"丿","dictionary":{"character":"丿","definition":"slash","pinyin":["piě"],"decomposition":"？","radical":"丿","matches":[null]}}]	radicals_03	D	75	radicals_05
乚	76	gōu	second	乚	Ancient hooked or bent stroke component related to curved motion and turning shapes.	Shuowen: path of swallow 乚 yǐ-háo 𠃉 yà 鳦𩾐 yǐ | blood in 礼禮 lǐ 乩 jī | (tracks in 軋轧 yà | phonetic 釓钆 gá | mother 乳 rǔ 孔 kǒng | string in 乱亂 luàn 扎 zhā 札 zhá | variant of 乙 yǐ in 乹亁 qián | water in 甩 shuǎi	Component 乚. | (name- kneeling-person 乚 háo)	[{"character":"乚","dictionary":{"character":"乚","definition":"secret, hidden, mysterious; small, minute; to conceal","pinyin":["gōu"],"decomposition":"？","radical":"乚","matches":[null]}}]	radicals_05	D	76	radicals_05
乛	77	ya	second	乛	Curved hook-shaped structural stroke.	sometimes equivalent to 一 | 罒 in 买買 and 卖賣	Component 乛. | (name- stroke-type-hook 乛 yǐ)	[{"character":"乛","dictionary":{"character":"乛","definition":"kwukyel","pinyin":["ya"],"decomposition":"？","radical":"乛","matches":[null]}}]	radicals_05	D	77	radicals_05
⺍	78	xiǎo	small	学生	See 小, meaning small	Remnant with R10 ⺍冖𦥯 | 佥僉 qiān not 会會 huì not 尝嘗 | 労劳勞 láo 应應 yīng 単單 dān | Japanese ⺍冖 in 栄荣榮 róng | 兴興 xīng 觉覺 jué 学學 xué	Component ⺍ | (name- ⺍)	[{"character":"⺍","dictionary":{"character":"⺍","pinyin":[],"decomposition":"？","radical":"⺍","matches":[null,null,null]}}]	radicals_01	D	78	radicals_05
⺌	79	xiǎo	small	⺌		remnant from 小 in 肖 | 龸 remnant from 尚尙	Component ⺌. | (name- top-small ⺌ xiǎo)	[{"character":"⺌","dictionary":{"character":"⺌","definition":"small","pinyin":["xiǎo"],"decomposition":"？","radical":"⺌","matches":[null,null,null]}}]	radicals_03	D	79	radicals_05
丷	80	bā	divide, separate	丷		often indicating separation | number 8 | new form font changed most context 八 to context 丷 | 兌 traditional 兑 simplified	Component 八丷 | from (not- 人 rén) and | (not- 入 rù). | (name- separation 丷八 bā)	[{"character":"丷","dictionary":{"character":"丷","definition":"divide, separate","pinyin":["bā"],"decomposition":"⿰丶？","radical":"丷","matches":[[0],null]}}]	radicals_03	D	80	radicals_05
