# Opposites course: hanzi, pinyin, english, example_word; etymology_1/uncle_hanzi_1/uncle_decomp_1 = left word; etymology_2/uncle_hanzi_2/uncle_decomp_2 = right word; dictionary_entries
# Opposites (set 01): most common antonym pairs (Jun Da frequency).
hanzi	rank	pinyin	english	example_word	etymology_1	uncle_hanzi_1	uncle_decomp_1	etymology_2	uncle_hanzi_2	uncle_decomp_2	dictionary_entries
上/下	1,19	shàng/xià	up / down	上/下	One stroke on top of another; compare 下 (below)	a mark above the line indicating up | different code points 二 èr two and 𠄞𠄠 shàng up,	Component 上丄𠄞 | (name- above 𠄠𠄞丄上 shàng)	One stroke under another; compare 上 (above)	short mark below indicating down	Component 下丅𠄟 | (name- below 𠄟丅下 xià)	"[{""character"":""上"",""dictionary"":{""character"":""上"",""definition"":""above, on top, superior; to go up; to attend; previous"",""pinyin"":[""shàng""],""decomposition"":""⿱⺊一"",""etymology"":{""type"":""ideographic"",""hint"":""One stroke on top of another; compare 下 (below)""},""radical"":""一"",""matches"":[[0],[0],[1]]}},{""character"":""下"",""dictionary"":{""character"":""下"",""definition"":""below, underneath; inferior; to bring down; next"",""pinyin"":[""xià""],""decomposition"":""⿱一卜"",""etymology"":{""type"":""ideographic"",""hint"":""One stroke under another; compare 上 (above)""},""radical"":""一"",""matches"":[[0],[1],[1]]}}]"
来/去	2,20	lái/qù	come / go	来/去	A wheat plant that has not yet borne fruit; compare 來	fruit hanging on a tree or grain	Component 來 | from tree 木 mù and | (rem- 入 rù) | B056 来[來] new-char 来. | (name- plant-harvest-come (来)來 lái)			Component 去 older 厺 older 㚎 | from (rem- 土 tǔ) from | person-big 大 dà and | (rem+ 厶 sī) from | building-interior 凵𠙴 qiǎn-qū. | (name- person-leaving 去厺㚎 qù)	"[{""character"":""来"",""dictionary"":{""character"":""来"",""definition"":""to arrive, to come, to return; in the future, later on"",""pinyin"":[""lái""],""decomposition"":""⿻未丷"",""etymology"":{""type"":""ideographic"",""hint"":""A wheat plant that has not yet borne fruit; compare 來""},""radical"":""木"",""matches"":[[0],[1],[1],[0],[0],[0],[0]]}},{""character"":""去"",""dictionary"":{""character"":""去"",""definition"":""to go away, to leave, to depart"",""pinyin"":[""qù""],""decomposition"":""⿱土厶"",""radical"":""厶"",""matches"":[[0],[0],[0],[1],[1]]}}]"
进/出	3,21	jìn/chū	enter / exit	进/出	walk	進 and 來 both mean to come. crops come in and the birds come too | 𨙟 Shuowen nonsense origin | see 蔺藺 lìn | originally 止 and 隹	Compound 進 | from road-and-foot 辶辶辵 chuò and | bird 隹 zhuī | substitute phonetic well 井丼 jǐng | B053 进[進] new-char 进. | name- to-come-in (进)進 jìn	A sprout 屮 growing out of a container 凵	foot leaving an enclosure	Component 出 | from foot-forward 龰止 zhǐ and | building-interior 凵𠙴 qiǎn-qū | A035 出[齣] | simp 出. | (name- foot-leaving 出 chū)	"[{""character"":""进"",""dictionary"":{""character"":""进"",""definition"":""to advance, to make progress; to come in, to enter"",""pinyin"":[""jìn""],""decomposition"":""⿺辶井"",""etymology"":{""type"":""pictophonetic"",""phonetic"":""井"",""semantic"":""辶"",""hint"":""walk""},""radical"":""辶"",""matches"":[[1],[1],[1],[1],[0],[0],[0]]}},{""character"":""出"",""dictionary"":{""character"":""出"",""definition"":""to go out, to send out; stand; produce"",""pinyin"":[""chū""],""decomposition"":""⿱屮凵"",""etymology"":{""type"":""ideographic"",""hint"":""A sprout 屮 growing out of a container 凵""},""radical"":""凵"",""matches"":[[0],[0],[0],[1],[1]]}}]"
大/小	4,22	dà/xiǎo	big / small	大/小	A man 人 with outstretched arms	man modified 㚒奭爽㚒夫夰黃 | 去厺㚎 天 吳吴 奚央 | 奐奂 夲美夭夷 赤灻𤆍 矩) | man 奎奈𡘹奄奈奔夸契奬𡙏奘驮耎奕 | hands 奧樊奠𡚁 | big 奩奓奞 奪夺 奋奮 耷奢𢧤奀尖尜夯 | phonetic 达杕 | cover 盇 | other 羍輋莫类犬夼套	Component 大 variant 亣 | (name- person-big 大 dà)	Dividing 八 by a line 亅	from three dots | in context ⺌ | see 少	Component 小 | (name- three-strokes-small 小 xiǎo)	"[{""character"":""大"",""dictionary"":{""character"":""大"",""definition"":""big, great, vast, high, deep"",""pinyin"":[""dà""],""decomposition"":""⿻一人"",""etymology"":{""type"":""ideographic"",""hint"":""A man 人 with outstretched arms""},""radical"":""大"",""matches"":[[0],[1],[1]]}},{""character"":""小"",""dictionary"":{""character"":""小"",""definition"":""small, tiny, insignificant"",""pinyin"":[""xiǎo""],""decomposition"":""⿻亅八"",""etymology"":{""type"":""ideographic"",""hint"":""Dividing 八 by a line 亅""},""radical"":""小"",""matches"":[[0],[1],[1]]}}]"
前/后	5,23	qián/hòu	front, before / back, after	前/后		a boat 舟 which goes forward 止 on the water 水 | oracle sail 凡 and boat 舟 are sometimes interchangeable	Component 前 older 𠝣 | from (rem- 月 yuè) from | boat 舟 zhōu and | (rem- 刂 dāo) from | water 水 and | (rem- 䒑) from | foot-forward 龰止 zhǐ. | (name- boat-forward 前𠝣 qián)		right facing person who gives orders | mirror- 后司 | mirror- 𠂋匕-人	Component 后 | from person-right-variant 𠂋 rén and | mouth 口 kǒu | A088 后[後] simp 后. | (name- sovereign 后 hòu)	"[{""character"":""前"",""dictionary"":{""character"":""前"",""definition"":""in front, forward; former, preceding"",""pinyin"":[""qián""],""decomposition"":""⿱⿱丷一刖"",""radical"":""刂"",""matches"":[[0,0],[0,0],[0,1],[1],[1],[1],[1],[1],[1]]}},{""character"":""后"",""dictionary"":{""character"":""后"",""definition"":""after; behind, rear; descendants"",""pinyin"":[""hòu""],""decomposition"":""⿸？口"",""radical"":""口"",""matches"":[null,null,null,[1],[1],[1]]}}]"
有/无	6,24	yǒu/wú	have / not have	有/无			Compound 有 older 𪠥 | from (rem- 月 yuè) from | ribs ⺼肉 ròu and | (rem- 𠂇 zuǒ) from | related phonetic right-hand 又 yòu.		BFS meaning not | person dancing, holding long tails or long sleeves	Component 無 older 𣞤 | B110 无[無] simp 无 | (name- person-dancing-not (无)無𣞤 wú)	"[{""character"":""有"",""dictionary"":{""character"":""有"",""definition"":""to have, to own, to possess; to exist"",""pinyin"":[""yǒu""],""decomposition"":""⿸？月"",""etymology"":{""type"":""pictophonetic"",""phonetic"":""月""},""radical"":""月"",""matches"":[null,null,[1],[1],[1],[1]]}},{""character"":""无"",""dictionary"":{""character"":""无"",""definition"":""no, not; lacking, -less"",""pinyin"":[""wú""],""decomposition"":""⿱一尢"",""radical"":""无"",""matches"":[[0],[1],[1],[1]]}}]"
开/关	7,25	kāi/guān	open / close	开/关	Simplified form of 開; hands 廾 lifting the latch 一 of a door	two hands 𡴂 not grass 艸 opening a lock bar 一 on the gate, sometimes seen as even-jian 幵 jiān which is a different character	PComponent 開 older 𨵑 | from gate 門 mén and | (rem+ 开 kāi hands 廾 opening door bolt 一) | A135 开[開] new-char 开 alt-simp 𫔭. | (name- open-door (开)(𫔭)開𨵑 kāi)		灷 zhuàn in 朕𦩎 zhèn | 灷 zhuàn in 送䢠𨔮 sòng | A081 	关[關] | 𢇂𢇇𢇅 guān in 関關 guān 联聯䏈 lián | B129 郑[鄭] | 奠 diàn in 郑鄭 zhèng | 美 in 咲𠸍 | depends on font SimSun font	NComponent 関 older 關𨶚𨳡 | from gate 門 mén and | door-bolt 关𢇂𢇅𢇇丱卝 guān | A081 	关[關] new-char 关. | (name- guan-remnant 关 guān)	"[{""character"":""开"",""dictionary"":{""character"":""开"",""definition"":""to open; to start, to initiate, to begin"",""pinyin"":[""kāi""],""decomposition"":""⿱一廾"",""etymology"":{""type"":""ideographic"",""hint"":""Simplified form of 開; hands 廾 lifting the latch 一 of a door""},""radical"":""廾"",""matches"":[[0],[1],[1],[1]]}},{""character"":""关"",""dictionary"":{""character"":""关"",""definition"":""frontier pass; to close, to shut; relation"",""pinyin"":[""guān""],""decomposition"":""⿱丷天"",""radical"":""丷"",""matches"":[[0],[0],[1],[1],[1],[1]]}}]"
里/外	8,26	lǐ/wài	inside / outside	里/外	Unit of measure for farm 田 land 土	see 野	Compound 里 | from field 田 tián and | potters-clay 土 tǔ | C346 裏<裡> A152 里[裏] simp 里. | (name- mile 里 lǐ)	Night-time 夕 divinations 卜; the supernatural, the foreign	The sign 卜 the moon 夕 leaves the sun once a month.	Compound 外 | from moon 夕 xī and | bone-crack 卜 bo.	"[{""character"":""里"",""dictionary"":{""character"":""里"",""definition"":""unit of distance equal to 0.5km; village; lane"",""pinyin"":[""lǐ""],""decomposition"":""⿱田土"",""etymology"":{""type"":""ideographic"",""hint"":""Unit of measure for farm 田 land 土""},""radical"":""里"",""matches"":[[0],[0],[0],[0],[1],[1],[1]]}},{""character"":""外"",""dictionary"":{""character"":""外"",""definition"":""out, outside, external; foreign; in addition"",""pinyin"":[""wài""],""decomposition"":""⿰夕卜"",""etymology"":{""type"":""ideographic"",""hint"":""Night-time 夕 divinations 卜; the supernatural, the foreign""},""radical"":""夕"",""matches"":[[0],[0],[0],[1],[1]]}}]"
开/合	9,27	kāi/hé	open / shut	开/合	Simplified form of 開; hands 廾 lifting the latch 一 of a door	two hands 𡴂 not grass 艸 opening a lock bar 一 on the gate, sometimes seen as even-jian 幵 jiān which is a different character	PComponent 開 older 𨵑 | from gate 門 mén and | (rem+ 开 kāi hands 廾 opening door bolt 一) | A135 开[開] new-char 开 alt-simp 𫔭. | (name- open-door (开)(𫔭)開𨵑 kāi)		pot 口 and lid 亼 = join | mouth 1 亼, and mouth 2 口 = to agree	Compound 合 | from inverted-mouth 亼 jí and | mouth 口 kǒu | A086 合[閤] not C189 閣<閤> simp 合. | (name- two-mouth-together 合 hé)	"[{""character"":""开"",""dictionary"":{""character"":""开"",""definition"":""to open; to start, to initiate, to begin"",""pinyin"":[""kāi""],""decomposition"":""⿱一廾"",""etymology"":{""type"":""ideographic"",""hint"":""Simplified form of 開; hands 廾 lifting the latch 一 of a door""},""radical"":""廾"",""matches"":[[0],[1],[1],[1]]}},{""character"":""合"",""dictionary"":{""character"":""合"",""definition"":""to combine, to join, to unite; to gather"",""pinyin"":[""hé""],""decomposition"":""⿱亼口"",""radical"":""口"",""matches"":[[0],[0],[0],[1],[1],[1]]}}]"
进门/出门	10,28	jìn mén/chū mén	enter / leave (a door)	进门/出门	walk ; An open doorway or gate	進 and 來 both mean to come. crops come in and the birds come too | 𨙟 Shuowen nonsense origin | see 蔺藺 lìn | originally 止 and 隹 ; a gate | from 門 | from 鬥 in 鬧	Compound 進 | from road-and-foot 辶辶辵 chuò and | bird 隹 zhuī | substitute phonetic well 井丼 jǐng | B053 进[進] new-char 进. | name- to-come-in (进)進 jìn ; Component 門 mutant 𨳇 | B077 门[門] | new-char 门. | (name- gate (门)門 mén)	A sprout 屮 growing out of a container 凵 ; An open doorway or gate	foot leaving an enclosure ; a gate | from 門 | from 鬥 in 鬧	Component 出 | from foot-forward 龰止 zhǐ and | building-interior 凵𠙴 qiǎn-qū | A035 出[齣] | simp 出. | (name- foot-leaving 出 chū) ; Component 門 mutant 𨳇 | B077 门[門] | new-char 门. | (name- gate (门)門 mén)	"[{""character"":""进"",""dictionary"":{""character"":""进"",""definition"":""to advance, to make progress; to come in, to enter"",""pinyin"":[""jìn""],""decomposition"":""⿺辶井"",""etymology"":{""type"":""pictophonetic"",""phonetic"":""井"",""semantic"":""辶"",""hint"":""walk""},""radical"":""辶"",""matches"":[[1],[1],[1],[1],[0],[0],[0]]}},{""character"":""出"",""dictionary"":{""character"":""出"",""definition"":""to go out, to send out; stand; produce"",""pinyin"":[""chū""],""decomposition"":""⿱屮凵"",""etymology"":{""type"":""ideographic"",""hint"":""A sprout 屮 growing out of a container 凵""},""radical"":""凵"",""matches"":[[0],[0],[0],[1],[1]]}}]"
东/西	11,29	dōng/xī	east / west	东/西	Simplified form of 東, the sun 日 rising behind a tree 木	1 from a package, tied at both ends, containing something 東西 | 2 from 東 or 束 indicating sun behind tree - raising	Component 東 | B025 东[東] | new-char 东 | (name- package-east (东)東 dōng)	A bird settling into its nest, representing sunset; compare 東	1 Shuowen - bird 弓 descends on nest at night at sunset 㢴卥 like the sun descends | 2 sometimes looks like basket 甾 of something. see 東西 | 3 possibly a bag of something	Component 西 older 㢴 older 卥 | from (rem- 弓 gōng). | (name- basket-west 西㢴卥𠧧 xi)	"[{""character"":""东"",""dictionary"":{""character"":""东"",""definition"":""east, eastern, eastward"",""pinyin"":[""dōng""],""decomposition"":""⿻七小"",""etymology"":{""type"":""pictographic"",""hint"":""Simplified form of 東, the sun 日 rising behind a tree 木""},""radical"":""一"",""matches"":[[0],[0],[1],[1],[1]]}},{""character"":""西"",""dictionary"":{""character"":""西"",""definition"":""west, western, westward"",""pinyin"":[""xī""],""decomposition"":""⿻兀囗"",""etymology"":{""type"":""pictographic"",""hint"":""A bird settling into its nest, representing sunset; compare 東""},""radical"":""西"",""matches"":[[0],[1],[1],[0],[0],[1]]}}]"
大声/小声	12,30	dà shēng/xiǎo shēng	loud / quiet	大声/小声	A man 人 with outstretched arms ; Simplified form of 聲; see that character for the etymology	man modified 㚒奭爽㚒夫夰黃 | 去厺㚎 天 吳吴 奚央 | 奐奂 夲美夭夷 赤灻𤆍 矩) | man 奎奈𡘹奄奈奔夸契奬𡙏奘驮耎奕 | hands 奧樊奠𡚁 | big 奩奓奞 奪夺 奋奮 耷奢𢧤奀尖尜夯 | phonetic 达杕 | cover 盇 | other 羍輋莫类犬夼套	Component 大 variant 亣 | (name- person-big 大 dà) ; Compound 聲 | from chime 殸 shēng and | ear 耳 ěr | A223 声[聲] simp 声.	Dividing 八 by a line 亅 ; Simplified form of 聲; see that character for the etymology	from three dots | in context ⺌ | see 少	Component 小 | (name- three-strokes-small 小 xiǎo) ; Compound 聲 | from chime 殸 shēng and | ear 耳 ěr | A223 声[聲] simp 声.	"[{""character"":""大"",""dictionary"":{""character"":""大"",""definition"":""big, great, vast, high, deep"",""pinyin"":[""dà""],""decomposition"":""⿻一人"",""etymology"":{""type"":""ideographic"",""hint"":""A man 人 with outstretched arms""},""radical"":""大"",""matches"":[[0],[1],[1]]}},{""character"":""小"",""dictionary"":{""character"":""小"",""definition"":""small, tiny, insignificant"",""pinyin"":[""xiǎo""],""decomposition"":""⿻亅八"",""etymology"":{""type"":""ideographic"",""hint"":""Dividing 八 by a line 亅""},""radical"":""小"",""matches"":[[0],[1],[1]]}}]"
多/少	13,31	duō/shǎo	many / few	多/少	Two nights 夕, suggesting many	meaning lots of meat, much).	Compound 多 | from (rem- 夕 xī) from | ribs 肉 ròu.	Grains of sand; 小 provides the pronunciation and meaning	small 4 grains of sand | double-talk 少 shǎo 眇 miǎo	Component 少 | from three-strokes-small 小 xiǎo and | (rem- 丿piě). | (name- four-strokes-few 少 shǎo)	"[{""character"":""多"",""dictionary"":{""character"":""多"",""definition"":""much, many, multi-; more than, over"",""pinyin"":[""duō""],""decomposition"":""⿱夕夕"",""etymology"":{""type"":""ideographic"",""hint"":""Two nights 夕, suggesting many""},""radical"":""夕"",""matches"":[[0],[0],[0],[1],[1],[1]]}},{""character"":""少"",""dictionary"":{""character"":""少"",""definition"":""few, little; less; inadequate"",""pinyin"":[""shǎo""],""decomposition"":""⿱小丿"",""etymology"":{""type"":""pictographic"",""hint"":""Grains of sand; 小 provides the pronunciation and meaning""},""radical"":""小"",""matches"":[[0],[0],[0],[1]]}}]"
正/反	14,32	zhèng/fǎn	correct, upright / opposite	正/反	A foot 止 stopping in the right place 一	indicating target 囗 一 reached 止 and completed	Component 正𤴓 | from (rem- 一 yī) from | enclosure 囗 wéi and | foot-forward 龰止 zhǐ. | (name- foot-complete 𤴓正 zhèng)	A hand 又 held up against a cliff 厂		Component 反 | from right-hand 又 yòu and | opposite 𠂆 yì and | (not- 厂 hǎn-àn-chǎng). | (name- hand-reverse 反 fǎn)	"[{""character"":""正"",""dictionary"":{""character"":""正"",""definition"":""straight, right, proper, correct, just, true"",""pinyin"":[""zhèng""],""decomposition"":""⿱一止"",""etymology"":{""type"":""ideographic"",""hint"":""A foot 止 stopping in the right place 一""},""radical"":""止"",""matches"":[[0],[1],[1],[1],[1]]}},{""character"":""反"",""dictionary"":{""character"":""反"",""definition"":""reverse, opposite; contrary, anti-"",""pinyin"":[""fǎn""],""decomposition"":""⿸厂又"",""etymology"":{""type"":""ideographic"",""hint"":""A hand 又 held up against a cliff 厂""},""radical"":""又"",""matches"":[[0],[0],[1],[1]]}}]"
南/北	15,33	nán/běi	south / north	南/北	A musical bell	Align an iron bar North and South. Hit it with a hammer. It is magnetized from the earths magnetic field. It is a south pointing needle, or compass.	Component 南 older 𡴖 | (name- compass-south 南 nán)	Two people 匕 sitting back-to-back; phonetic loan for "north"	the back 北 faces north 北 when looking at the sundial). | two men back to back | original 北 back-bei 背 bèi	Component 北 | (name- North-back 北 běi)	"[{""character"":""南"",""dictionary"":{""character"":""南"",""definition"":""south; southern; southward"",""pinyin"":[""nán""],""decomposition"":""⿱十⿵冂⿱丷干"",""etymology"":{""type"":""pictographic"",""hint"":""A musical bell""},""radical"":""十"",""matches"":[[0],[0],[1,0],[1,0],[1,1,0],[1,1,0],[1,1,1],[1,1,1],[1,1,1]]}},{""character"":""北"",""dictionary"":{""character"":""北"",""definition"":""north; northern; northward"",""pinyin"":[""běi""],""decomposition"":""⿰？匕"",""etymology"":{""type"":""pictographic"",""hint"":""Two people 匕 sitting back-to-back; phonetic loan for \""north\""""},""radical"":""匕"",""matches"":[null,null,null,[1],[1]]}}]"
生/死	16,34	shēng/sǐ	life / death	生/死	A shoot 屮 growing in the soil 土	distorted in 毒𤯟耑 壳𡉉𠕓 省𥅱 青𤯞 | 生 from seal 𤯓 shēng | 生 from oracle 㞢 shēng | 之 from seal 㞢	Component 生 older 𤯓 older 㞢 | from single-grass 屮 chè and | potters-clay 土. | (name- plant 生𤯓㞢 shēng)	A person kneeling 匕 before a corpse 歹		Component 死 older 𣦸𣦹 | from bone 歹 dǎi and | bone 歺𣦵 è and | person-right 匕 bǐ. | (name- person-bone-dead 𣦸死 sǐ)	"[{""character"":""生"",""dictionary"":{""character"":""生"",""definition"":""life, lifetime; birth; growth"",""pinyin"":[""shēng""],""decomposition"":""⿻一土"",""etymology"":{""type"":""ideographic"",""hint"":"" A shoot 屮 growing in the soil 土""},""radical"":""生"",""matches"":[null,[0],[1],[1],[1]]}},{""character"":""死"",""dictionary"":{""character"":""死"",""definition"":""dead; death; impassable, inflexible"",""pinyin"":[""sǐ""],""decomposition"":""⿸歹匕"",""etymology"":{""type"":""ideographic"",""hint"":""A person kneeling 匕 before a corpse 歹""},""radical"":""歹"",""matches"":[[0],[0],[0],[0],[1],[1]]}}]"
收/放	17,35	shōu/fàng	take in / let out	收/放	hand		Compound 收 | from hand-action 攵攴 pū and | related phonetic two-hooks 丩 jiū. | (name- to-gather-together 收 shōu)	let go		Compound 放 | from hand-action 攵攴 pū and | related phonetic carry-pole 方 fāng.	"[{""character"":""收"",""dictionary"":{""character"":""收"",""definition"":""to collect, to gather, to harvest"",""pinyin"":[""shōu""],""decomposition"":""⿰丩攵"",""etymology"":{""type"":""pictophonetic"",""phonetic"":""丩"",""semantic"":""攵"",""hint"":""hand""},""radical"":""攵"",""matches"":[[0],[0],[1],[1],[1],[1]]}},{""character"":""放"",""dictionary"":{""character"":""放"",""definition"":""to release, to liberate, to free"",""pinyin"":[""fàng""],""decomposition"":""⿰方攵"",""etymology"":{""type"":""pictophonetic"",""phonetic"":""方"",""semantic"":""攵"",""hint"":""let go""},""radical"":""攵"",""matches"":[[0],[0],[0],[0],[1],[1],[1],[1]]}}]"
上车/下车	18,36	shàng chē/xià chē	get on / get off (a vehicle)	上车/下车	One stroke on top of another; compare 下 (below) ; Simplified form of 車, a cart with two wheels, seen from above	a mark above the line indicating up | different code points 二 èr two and 𠄞𠄠 shàng up, ; two wheeled cart	Component 上丄𠄞 | (name- above 𠄠𠄞丄上 shàng) ; Component 車 | B014 车[車] | new-char 车 | (name- cart (车)車 chē)	One stroke under another; compare 上 (above) ; Simplified form of 車, a cart with two wheels, seen from above	short mark below indicating down ; two wheeled cart	Component 下丅𠄟 | (name- below 𠄟丅下 xià) ; Component 車 | B014 车[車] | new-char 车 | (name- cart (车)車 chē)	"[{""character"":""上"",""dictionary"":{""character"":""上"",""definition"":""above, on top, superior; to go up; to attend; previous"",""pinyin"":[""shàng""],""decomposition"":""⿱⺊一"",""etymology"":{""type"":""ideographic"",""hint"":""One stroke on top of another; compare 下 (below)""},""radical"":""一"",""matches"":[[0],[0],[1]]}},{""character"":""下"",""dictionary"":{""character"":""下"",""definition"":""below, underneath; inferior; to bring down; next"",""pinyin"":[""xià""],""decomposition"":""⿱一卜"",""etymology"":{""type"":""ideographic"",""hint"":""One stroke under another; compare 上 (above)""},""radical"":""一"",""matches"":[[0],[1],[1]]}}]"
