# Places (generic types): where someone is, not famous names.
# Places course: etymology_1/uncle_hanzi_1/uncle_decomp_1 = first character; etymology_2/uncle_hanzi_2/uncle_decomp_2 = second character.
hanzi	rank	pinyin	english	example_word	etymology_1	uncle_hanzi_1	uncle_decomp_1	etymology_2	uncle_hanzi_2	uncle_decomp_2	dictionary_entries
地方	1,2	dìfāng	place; location	地方	earth						"[{""character"":""地"",""dictionary"":{""character"":""地"",""definition"":""earth, ground, soil; land, region; structural particle used before a verb"",""pinyin"":[""de""],""decomposition"":""⿰土也"",""etymology"":{""type"":""pictophonetic"",""phonetic"":""也"",""semantic"":""土"",""hint"":""earth""},""radical"":""土"",""matches"":[[0],[0],[0],[1],[1],[1]]}},{""character"":""方"",""dictionary"":{""character"":""方"",""definition"":""square, rectangle; side; region; flag"",""pinyin"":[""fāng""],""decomposition"":""⿱亠？"",""radical"":""方"",""matches"":[[0],[0],null,null]}}]"
这里	3,4	zhèlǐ	here	这里				Unit of measure for farm 田 land 土			"[{""character"":""这"",""dictionary"":{""character"":""这"",""definition"":""this, these; such; here"",""pinyin"":[""zhè""],""decomposition"":""⿺辶文"",""radical"":""辶"",""matches"":[[1],[1],[1],[1],[0],[0],[0]]}},{""character"":""里"",""dictionary"":{""character"":""里"",""definition"":""unit of distance equal to 0.5km; village; lane"",""pinyin"":[""lǐ""],""decomposition"":""⿱田土"",""etymology"":{""type"":""ideographic"",""hint"":""Unit of measure for farm 田 land 土""},""radical"":""里"",""matches"":[[0],[0],[0],[0],[1],[1],[1]]}}]"
那里	5,6	nàlǐ	there	那里				Unit of measure for farm 田 land 土			"[{""character"":""那"",""dictionary"":{""character"":""那"",""definition"":""that, that one, those"",""pinyin"":[""nà""],""decomposition"":""⿰⿹？？阝"",""radical"":""阝"",""matches"":[null,null,null,null,[1],[1]]}},{""character"":""里"",""dictionary"":{""character"":""里"",""definition"":""unit of distance equal to 0.5km; village; lane"",""pinyin"":[""lǐ""],""decomposition"":""⿱田土"",""etymology"":{""type"":""ideographic"",""hint"":""Unit of measure for farm 田 land 土""},""radical"":""里"",""matches"":[[0],[0],[0],[0],[1],[1],[1]]}}]"
哪里	7,8	nǎlǐ	where	哪里	mouth			Unit of measure for farm 田 land 土			"[{""character"":""哪"",""dictionary"":{""character"":""哪"",""definition"":""which? where? how?"",""pinyin"":[""nǎ""],""decomposition"":""⿰口那"",""etymology"":{""type"":""pictophonetic"",""phonetic"":""那"",""semantic"":""口"",""hint"":""mouth""},""radical"":""口"",""matches"":[[0],[0],[0],[1],[1],[1],[1],[1],[1]]}},{""character"":""里"",""dictionary"":{""character"":""里"",""definition"":""unit of distance equal to 0.5km; village; lane"",""pinyin"":[""lǐ""],""decomposition"":""⿱田土"",""etymology"":{""type"":""ideographic"",""hint"":""Unit of measure for farm 田 land 土""},""radical"":""里"",""matches"":[[0],[0],[0],[0],[1],[1],[1]]}}]"
学校	9,10	xuéxiào	school	学校	A building 冖 where children 子 study; ⺍ provides the pronunciation			wood			"[{""character"":""学"",""dictionary"":{""character"":""学"",""definition"":""learning, knowledge, science; to study, to go to school; -ology"",""pinyin"":[""xué""],""decomposition"":""⿱⿱⺍冖子"",""etymology"":{""type"":""ideographic"",""hint"":""A building 冖 where children 子 study; ⺍ provides the pronunciation""},""radical"":""子"",""matches"":[[0,0],[0,0],[0,0],[0,1],[0,1],[1],[1],[1]]}},{""character"":""校"",""dictionary"":{""character"":""校"",""definition"":""school; military field officer"",""pinyin"":[""xiào""],""decomposition"":""⿰木交"",""etymology"":{""type"":""pictophonetic"",""phonetic"":""交"",""semantic"":""木"",""hint"":""wood""},""radical"":""木"",""matches"":[[0],[0],[0],[0],[1],[1],[1],[1],[1],[1]]}}]"
商店	11,12	shāngdiàn	shop; store	商店	bright			building			"[{""character"":""商"",""dictionary"":{""character"":""商"",""definition"":""commerce, business, trade"",""pinyin"":[""shāng""],""decomposition"":""⿱⿱亠丷冏"",""etymology"":{""type"":""pictophonetic"",""phonetic"":""章"",""semantic"":""冏"",""hint"":""bright""},""radical"":""口"",""matches"":[[0,0],[0,0],[0,1],[0,1],[1],[1],[1],[1],[1],[1],[1]]}},{""character"":""店"",""dictionary"":{""character"":""店"",""definition"":""shop, store; inn, hotel"",""pinyin"":[""diàn""],""decomposition"":""⿸广占"",""etymology"":{""type"":""pictophonetic"",""phonetic"":""占"",""semantic"":""广"",""hint"":""building""},""radical"":""广"",""matches"":[[0],[0],[0],[1],[1],[1],[1],[1]]}}]"
医院	13,14	yīyuàn	hospital	医院	arrow			place			"[{""character"":""医"",""dictionary"":{""character"":""医"",""definition"":""to cure, to heal, to treat; doctor; medicine"",""pinyin"":[""yī""],""decomposition"":""⿷匸矢"",""etymology"":{""type"":""pictophonetic"",""phonetic"":""匸"",""semantic"":""矢"",""hint"":""arrow""},""radical"":""匸"",""matches"":[[0],[1],[1],[1],[1],[1],[0]]}},{""character"":""院"",""dictionary"":{""character"":""院"",""definition"":""court, yard, courtyard; school"",""pinyin"":[""yuàn""],""decomposition"":""⿰阝完"",""etymology"":{""type"":""pictophonetic"",""phonetic"":""完"",""semantic"":""阝"",""hint"":""place""},""radical"":""阝"",""matches"":[[0],[0],[1],[1],[1],[1],[1],[1],[1]]}}]"
公园	15,16	gōngyuán	park	公园	To divide 八 what is private 厶			enclosure			"[{""character"":""公"",""dictionary"":{""character"":""公"",""definition"":""fair, equitable; public; duke"",""pinyin"":[""gōng""],""decomposition"":""⿱八厶"",""etymology"":{""type"":""ideographic"",""hint"":""To divide 八 what is private 厶""},""radical"":""八"",""matches"":[[0],[0],[1],[1]]}},{""character"":""园"",""dictionary"":{""character"":""园"",""definition"":""garden, park; orchard"",""pinyin"":[""yuán""],""decomposition"":""⿴囗元"",""etymology"":{""type"":""pictophonetic"",""phonetic"":""元"",""semantic"":""囗"",""hint"":""enclosure""},""radical"":""囗"",""matches"":[[0],[0],[1],[1],[1],[1],[0]]}}]"
