# Time & dates (set 02): calendar units, weeks, and recurring dates.										
# Time & dates course: etymology_1/uncle_hanzi_1/uncle_decomp_1 = first character; etymology_2/uncle_hanzi_2/uncle_decomp_2 = second character (duplicate when both characters are the same).										
hanzi	rank	pinyin	english	example_word	etymology_1	uncle_hanzi_1	uncle_decomp_1	etymology_2	uncle_hanzi_2	uncle_decomp_2	dictionary_entries
年	1	nián	year	年	A man 干 carrying grain, representing the annual harvest	a man 千 bringing in a harvest 禾 once a year | see 千	Component 年 older 秊 | from grain 禾 hé and | related phonetic one-thousand 千 qiān | C426 年<秊> simp 年. | (name- year-harvest 年秊 nián)				"[{""character"":""年"",""dictionary"":{""character"":""年"",""definition"":""year; anniversary; a person's age"",""pinyin"":[""nián""],""decomposition"":""⿻干？"",""etymology"":{""type"":""ideographic"",""hint"":""A man 干 carrying grain, representing the annual harvest""},""radical"":""干"",""matches"":[null,[0],null,null,[0],[0]]}}]"
月	2	yuè	month	月	A crescent moon	moon 月 in 朔期明望 | 肉 in 肚背龍有散胜然+200+ | 舟 in 勝朝朕服俞 | 貝 in 朋 | 井 in 青 | 冃 in 胄 | phonetic in 塍	Component 月 | name- moon 月 yuè				"[{""character"":""月"",""dictionary"":{""character"":""月"",""definition"":""moon; month"",""pinyin"":[""yuè""],""decomposition"":""⿵冂二"",""etymology"":{""type"":""pictographic"",""hint"":""A crescent moon""},""radical"":""月"",""matches"":[[0],[0],[1],[1]]}}]"
日	3	rì	day; date	日	The sun		Component 日 | (name- sun-day 日 rì)				"[{""character"":""日"",""dictionary"":{""character"":""日"",""definition"":""sun; day; daytime"",""pinyin"":[""rì""],""decomposition"":""⿴口一"",""etymology"":{""type"":""pictographic"",""hint"":""The sun""},""radical"":""日"",""matches"":[[0],[0],[1],[0]]}}]"
天	4	tiān	day	天	The heavens 一 above a man 大	the round sky 囗 above a man 大).	Component 天 | from (rem- 一 yī) from | enclosure 囗 wéi and | person-big 大 dà. | name- sky-heaven 天 tiān				"[{""character"":""天"",""dictionary"":{""character"":""天"",""definition"":""sky, heaven; god, celestial"",""pinyin"":[""tiān""],""decomposition"":""⿱一大"",""etymology"":{""type"":""ideographic"",""hint"":""The heavens 一 above a man 大""},""radical"":""大"",""matches"":[[0],[1],[1],[1]]}}]"
星期	5,19	xīngqī	week	星期			three-stars 晶 jīng and | phonetic plant 生 shēng | simp.  星 xīng.			Compound 期 flip-variant 朞 | from moon 月 yuè and | phonetic basket 其 qí | C250 期<朞> simp 期.	"[{""character"":""星"",""dictionary"":{""character"":""星"",""definition"":""star, planet; a point of light"",""pinyin"":[""xīng""],""decomposition"":""⿱日生"",""etymology"":{""type"":""pictophonetic"",""phonetic"":""生"",""semantic"":""日"",""hint"":""sun""},""radical"":""日"",""matches"":[[0],[0],[0],[0],[1],[1],[1],[1],[1]]}},{""character"":""期"",""dictionary"":{""character"":""期"",""definition"":""a period of time; date, time; phase"",""pinyin"":[""qī""],""decomposition"":""⿰其月"",""etymology"":{""type"":""pictophonetic"",""phonetic"":""其"",""semantic"":""月"",""hint"":""moon""},""radical"":""月"",""matches"":[[0],[0],[0],[0],[0],[0],[0],[0],[1],[1],[1],[1]]}}]"
周	6	zhōu	week	周	Border 冂 around land 土 with a well 口	"周密 ""meticulous"" crops | （- 田 with 4 dots indicating crops)"	Component 周 | from field 田 tián and | mouth 口 kǒu | C768 周<週> simp 周. | (name- dynasty 周 zhōu)				"[{""character"":""周"",""dictionary"":{""character"":""周"",""definition"":""Zhou dynasty; circumference"",""pinyin"":[""zhōu""],""decomposition"":""⿵冂⿱土口"",""etymology"":{""type"":""ideographic"",""hint"":""Border 冂 around land 土 with a well 口""},""radical"":""口"",""matches"":[[0],[0],[1,0],[1,0],[1,0],[1,1],[1,1],[1,1]]}}]"
号	7	hào	date (of the month)	号			Compound 號 | from howl 号 hào and | related phonetic tiger 虎 hǔ | simp 号				"[{""character"":""号"",""dictionary"":{""character"":""号"",""definition"":""mark, sign; symbol; number; to call, to cry, to roar"",""pinyin"":[""hào""],""decomposition"":""⿱口丂"",""etymology"":{""type"":""pictophonetic"",""phonetic"":""丂"",""semantic"":""口"",""hint"":""mouth""},""radical"":""口"",""matches"":[[0],[0],[0],[1],[1]]}}]"
今年	8,20	jīnnián	this year	今年	A mouth 亼 talking about things	inversion- of 曰-今	Component 今 | from inverted-mouth 亼 jí and | (rem+ 乛 something spoken out of the mouth). | (name- inverted-mouth 今 jīn)	A man 干 carrying grain, representing the annual harvest	a man 千 bringing in a harvest 禾 once a year | see 千	Component 年 older 秊 | from grain 禾 hé and | related phonetic one-thousand 千 qiān | C426 年<秊> simp 年. | (name- year-harvest 年秊 nián)	"[{""character"":""今"",""dictionary"":{""character"":""今"",""definition"":""modern, current; today, now"",""pinyin"":[""jīn""],""decomposition"":""⿱人？"",""etymology"":{""type"":""ideographic"",""hint"":""A mouth 亼 talking about things""},""radical"":""人"",""matches"":[[0],[0],null,null]}},{""character"":""年"",""dictionary"":{""character"":""年"",""definition"":""year; anniversary; a person's age"",""pinyin"":[""nián""],""decomposition"":""⿻干？"",""etymology"":{""type"":""ideographic"",""hint"":""A man 干 carrying grain, representing the annual harvest""},""radical"":""干"",""matches"":[null,[0],null,null,[0],[0]]}}]"
明年	9,21	míngnián	next year	明年	The light of the sun 日 and moon 月	lets in moon light	Compound 明 older 朙 | from (rem- 日 rì) from | window 囧 jiǒng and | moon 月 yuè.	A man 干 carrying grain, representing the annual harvest	a man 千 bringing in a harvest 禾 once a year | see 千	Component 年 older 秊 | from grain 禾 hé and | related phonetic one-thousand 千 qiān | C426 年<秊> simp 年. | (name- year-harvest 年秊 nián)	"[{""character"":""明"",""dictionary"":{""character"":""明"",""definition"":""bright, clear; to explain, to understand, to shed light"",""pinyin"":[""míng""],""decomposition"":""⿰日月"",""etymology"":{""type"":""ideographic"",""hint"":""The light of the sun 日 and moon 月""},""radical"":""日"",""matches"":[[0],[0],[0],[0],[1],[1],[1],[1]]}},{""character"":""年"",""dictionary"":{""character"":""年"",""definition"":""year; anniversary; a person's age"",""pinyin"":[""nián""],""decomposition"":""⿻干？"",""etymology"":{""type"":""ideographic"",""hint"":""A man 干 carrying grain, representing the annual harvest""},""radical"":""干"",""matches"":[null,[0],null,null,[0],[0]]}}]"
去年	10,22	qùnián	last year	去年			Component 去 older 厺 older 㚎 | from (rem- 土 tǔ) from | person-big 大 dà and | (rem+ 厶 sī) from | building-interior 凵𠙴 qiǎn-qū. | (name- person-leaving 去厺㚎 qù)	A man 干 carrying grain, representing the annual harvest	a man 千 bringing in a harvest 禾 once a year | see 千	Component 年 older 秊 | from grain 禾 hé and | related phonetic one-thousand 千 qiān | C426 年<秊> simp 年. | (name- year-harvest 年秊 nián)	"[{""character"":""去"",""dictionary"":{""character"":""去"",""definition"":""to go away, to leave, to depart"",""pinyin"":[""qù""],""decomposition"":""⿱土厶"",""radical"":""厶"",""matches"":[[0],[0],[0],[1],[1]]}},{""character"":""年"",""dictionary"":{""character"":""年"",""definition"":""year; anniversary; a person's age"",""pinyin"":[""nián""],""decomposition"":""⿻干？"",""etymology"":{""type"":""ideographic"",""hint"":""A man 干 carrying grain, representing the annual harvest""},""radical"":""干"",""matches"":[null,[0],null,null,[0],[0]]}}]"
这个月	11,23,31	zhè ge yuè	this month	这个月		"here a grammatical particle, so 言文 | ""here"" of where we speak 言"	Compound 這 | from road-and-foot 辶辶辵 chuò and | mouth-speak 言 yán | substitute culture-cloths 文 wén | A325 这[這] | new-char 这.	A tally 丨 of people 人		Compound 箇 | from bamboo-top 𥫗竹 zhú and | phonetic strength 固 gù | C192 個<箇> A073 个[個] simp 个.	"[{""character"":""这"",""dictionary"":{""character"":""这"",""definition"":""this, these; such; here"",""pinyin"":[""zhè""],""decomposition"":""⿺辶文"",""radical"":""辶"",""matches"":[[1],[1],[1],[1],[0],[0],[0]]}},{""character"":""个"",""dictionary"":{""character"":""个"",""definition"":""this, that; single; measure word for individuals"",""pinyin"":[""gè""],""decomposition"":""⿱人丨"",""etymology"":{""type"":""ideographic"",""hint"":""A tally 丨 of people 人""},""radical"":""丨"",""matches"":[[0],[0],[1]]}},{""character"":""月"",""dictionary"":{""character"":""月"",""definition"":""moon; month"",""pinyin"":[""yuè""],""decomposition"":""⿵冂二"",""etymology"":{""type"":""pictographic"",""hint"":""A crescent moon""},""radical"":""月"",""matches"":[[0],[0],[1],[1]]}}]"
下个月	12,24,32	xià ge yuè	next month	下个月	One stroke under another; compare 上 (above)	short mark below indicating down	Component 下丅𠄟 | (name- below 𠄟丅下 xià)	A tally 丨 of people 人		Compound 箇 | from bamboo-top 𥫗竹 zhú and | phonetic strength 固 gù | C192 個<箇> A073 个[個] simp 个.	"[{""character"":""下"",""dictionary"":{""character"":""下"",""definition"":""below, underneath; inferior; to bring down; next"",""pinyin"":[""xià""],""decomposition"":""⿱一卜"",""etymology"":{""type"":""ideographic"",""hint"":""One stroke under another; compare 上 (above)""},""radical"":""一"",""matches"":[[0],[1],[1]]}},{""character"":""个"",""dictionary"":{""character"":""个"",""definition"":""this, that; single; measure word for individuals"",""pinyin"":[""gè""],""decomposition"":""⿱人丨"",""etymology"":{""type"":""ideographic"",""hint"":""A tally 丨 of people 人""},""radical"":""丨"",""matches"":[[0],[0],[1]]}},{""character"":""月"",""dictionary"":{""character"":""月"",""definition"":""moon; month"",""pinyin"":[""yuè""],""decomposition"":""⿵冂二"",""etymology"":{""type"":""pictographic"",""hint"":""A crescent moon""},""radical"":""月"",""matches"":[[0],[0],[1],[1]]}}]"
上个月	13,25,33	shàng ge yuè	last month	上个月	One stroke on top of another; compare 下 (below)	a mark above the line indicating up | different code points 二 èr two and 𠄞𠄠 shàng up,	Component 上丄𠄞 | (name- above 𠄠𠄞丄上 shàng)	A tally 丨 of people 人		Compound 箇 | from bamboo-top 𥫗竹 zhú and | phonetic strength 固 gù | C192 個<箇> A073 个[個] simp 个.	"[{""character"":""上"",""dictionary"":{""character"":""上"",""definition"":""above, on top, superior; to go up; to attend; previous"",""pinyin"":[""shàng""],""decomposition"":""⿱⺊一"",""etymology"":{""type"":""ideographic"",""hint"":""One stroke on top of another; compare 下 (below)""},""radical"":""一"",""matches"":[[0],[0],[1]]}},{""character"":""个"",""dictionary"":{""character"":""个"",""definition"":""this, that; single; measure word for individuals"",""pinyin"":[""gè""],""decomposition"":""⿱人丨"",""etymology"":{""type"":""ideographic"",""hint"":""A tally 丨 of people 人""},""radical"":""丨"",""matches"":[[0],[0],[1]]}},{""character"":""月"",""dictionary"":{""character"":""月"",""definition"":""moon; month"",""pinyin"":[""yuè""],""decomposition"":""⿵冂二"",""etymology"":{""type"":""pictographic"",""hint"":""A crescent moon""},""radical"":""月"",""matches"":[[0],[0],[1],[1]]}}]"
每天	14,26	měitiān	every day	每天		original meaning beautiful, woman with beautiful hair	Component 每 variant 𣫭 older 𡴋 | from mother-breasts 母 mǔ and | (rem+ 𠂉 hair) from | (rem+ 亠 hair) from | (rem+ 屮 chè hair). | (name- woman-hair-every 每𣫭𡴋 měi)	The heavens 一 above a man 大	the round sky 囗 above a man 大).	Component 天 | from (rem- 一 yī) from | enclosure 囗 wéi and | person-big 大 dà. | name- sky-heaven 天 tiān	"[{""character"":""每"",""dictionary"":{""character"":""每"",""definition"":""each, every"",""pinyin"":[""měi""],""decomposition"":""⿱？母"",""etymology"":{""type"":""pictophonetic"",""phonetic"":""母""},""radical"":""母"",""matches"":[null,null,[1],[1],[1],[1],[1]]}},{""character"":""天"",""dictionary"":{""character"":""天"",""definition"":""sky, heaven; god, celestial"",""pinyin"":[""tiān""],""decomposition"":""⿱一大"",""etymology"":{""type"":""ideographic"",""hint"":""The heavens 一 above a man 大""},""radical"":""大"",""matches"":[[0],[1],[1],[1]]}}]"
每年	15,27	měinián	every year	每年		original meaning beautiful, woman with beautiful hair	Component 每 variant 𣫭 older 𡴋 | from mother-breasts 母 mǔ and | (rem+ 𠂉 hair) from | (rem+ 亠 hair) from | (rem+ 屮 chè hair). | (name- woman-hair-every 每𣫭𡴋 měi)	A man 干 carrying grain, representing the annual harvest	a man 千 bringing in a harvest 禾 once a year | see 千	Component 年 older 秊 | from grain 禾 hé and | related phonetic one-thousand 千 qiān | C426 年<秊> simp 年. | (name- year-harvest 年秊 nián)	"[{""character"":""每"",""dictionary"":{""character"":""每"",""definition"":""each, every"",""pinyin"":[""měi""],""decomposition"":""⿱？母"",""etymology"":{""type"":""pictophonetic"",""phonetic"":""母""},""radical"":""母"",""matches"":[null,null,[1],[1],[1],[1],[1]]}},{""character"":""年"",""dictionary"":{""character"":""年"",""definition"":""year; anniversary; a person's age"",""pinyin"":[""nián""],""decomposition"":""⿻干？"",""etymology"":{""type"":""ideographic"",""hint"":""A man 干 carrying grain, representing the annual harvest""},""radical"":""干"",""matches"":[null,[0],null,null,[0],[0]]}}]"
每月	16,28	měiyuè	every month	每月		original meaning beautiful, woman with beautiful hair	Component 每 variant 𣫭 older 𡴋 | from mother-breasts 母 mǔ and | (rem+ 𠂉 hair) from | (rem+ 亠 hair) from | (rem+ 屮 chè hair). | (name- woman-hair-every 每𣫭𡴋 měi)	A crescent moon	moon 月 in 朔期明望 | 肉 in 肚背龍有散胜然+200+ | 舟 in 勝朝朕服俞 | 貝 in 朋 | 井 in 青 | 冃 in 胄 | phonetic in 塍	Component 月 | name- moon 月 yuè	"[{""character"":""每"",""dictionary"":{""character"":""每"",""definition"":""each, every"",""pinyin"":[""měi""],""decomposition"":""⿱？母"",""etymology"":{""type"":""pictophonetic"",""phonetic"":""母""},""radical"":""母"",""matches"":[null,null,[1],[1],[1],[1],[1]]}},{""character"":""月"",""dictionary"":{""character"":""月"",""definition"":""moon; month"",""pinyin"":[""yuè""],""decomposition"":""⿵冂二"",""etymology"":{""type"":""pictographic"",""hint"":""A crescent moon""},""radical"":""月"",""matches"":[[0],[0],[1],[1]]}}]"
星期几	17,29,34	xīngqī jǐ	what day of the week?	星期几	sun	The original pictograph of stars was 口 not 日 which means sun.	Compound 星 from 曐 from 𠻖 | from three-objects 品 pǐn or | three-stars 晶 jīng | sun-day 日 rì and | phonetic plant 生𤯓 shēng | name- star 星 xīng.			Compound 期 flip-variant 朞 | from moon 月 yuè and | phonetic basket 其 qí | C250 期<朞> simp 期.	"[{""character"":""星"",""dictionary"":{""character"":""星"",""definition"":""star, planet; a point of light"",""pinyin"":[""xīng""],""decomposition"":""⿱日生"",""etymology"":{""type"":""pictophonetic"",""phonetic"":""生"",""semantic"":""日"",""hint"":""sun""},""radical"":""日"",""matches"":[[0],[0],[0],[0],[1],[1],[1],[1],[1]]}},{""character"":""期"",""dictionary"":{""character"":""期"",""definition"":""a period of time; date, time; phase"",""pinyin"":[""qī""],""decomposition"":""⿰其月"",""etymology"":{""type"":""pictophonetic"",""phonetic"":""其"",""semantic"":""月"",""hint"":""moon""},""radical"":""月"",""matches"":[[0],[0],[0],[0],[0],[0],[0],[0],[1],[1],[1],[1]]}},{""character"":""几"",""dictionary"":{""character"":""几"",""definition"":""small table; how many; a few, some"",""pinyin"":[""jǐ""],""decomposition"":""⿰丿乙"",""etymology"":{""type"":""pictographic"",""hint"":""A small table; compare 丌""},""radical"":""几"",""matches"":[[0],[1]]}}]"
星期一	18,30,35	xīngqī yī	Monday	星期一	sun	The original pictograph of stars was 口 not 日 which means sun.	Compound 星 from 曐 from 𠻖 | from three-objects 品 pǐn or | three-stars 晶 jīng | sun-day 日 rì and | phonetic plant 生𤯓 shēng | name- star 星 xīng.			Compound 期 flip-variant 朞 | from moon 月 yuè and | phonetic basket 其 qí | C250 期<朞> simp 期.	"[{""character"":""星"",""dictionary"":{""character"":""星"",""definition"":""star, planet; a point of light"",""pinyin"":[""xīng""],""decomposition"":""⿱日生"",""etymology"":{""type"":""pictophonetic"",""phonetic"":""生"",""semantic"":""日"",""hint"":""sun""},""radical"":""日"",""matches"":[[0],[0],[0],[0],[1],[1],[1],[1],[1]]}},{""character"":""期"",""dictionary"":{""character"":""期"",""definition"":""a period of time; date, time; phase"",""pinyin"":[""qī""],""decomposition"":""⿰其月"",""etymology"":{""type"":""pictophonetic"",""phonetic"":""其"",""semantic"":""月"",""hint"":""moon""},""radical"":""月"",""matches"":[[0],[0],[0],[0],[0],[0],[0],[0],[1],[1],[1],[1]]}},{""character"":""一"",""dictionary"":{""character"":""一"",""definition"":""one; a, an; alone"",""pinyin"":[""yī""],""decomposition"":""？"",""etymology"":{""type"":""ideographic"",""hint"":""Represents heaven (天), earth (旦), or the number 1""},""radical"":""一"",""matches"":[null]}}]"
