# Numbers & counting (set 03): measure words (classifiers) for people, objects, and occasions.										
# Numbers & counting course: etymology_1/uncle_hanzi_1/uncle_decomp_1 = first character; etymology_2/uncle_hanzi_2/uncle_decomp_2 = second character (hanzi suffix picks drill character for multi-character rows).										
hanzi	rank	pinyin	english	example_word	etymology_1	uncle_hanzi_1	uncle_decomp_1	etymology_2	uncle_hanzi_2	uncle_decomp_2	dictionary_entries
个	1	gè	general measure word	个	A tally 丨 of people 人						"[{""character"":""个"",""dictionary"":{""character"":""个"",""definition"":""this, that; single; measure word for individuals"",""pinyin"":[""gè""],""decomposition"":""⿱人丨"",""etymology"":{""type"":""ideographic"",""hint"":""A tally 丨 of people 人""},""radical"":""丨"",""matches"":[[0],[0],[1]]}}]"
只	2	zhī	measure: animals, one of a pair	只			Compound 隻 | from right-hand 又 yòu and | bird 隹 zhuī simp 只.				"[{""character"":""只"",""dictionary"":{""character"":""只"",""definition"":""only, merely, just"",""pinyin"":[""zhī""],""decomposition"":""⿱口八"",""etymology"":{""type"":""ideographic"",""hint"":""Simple words 八 coming from the mouth 口""},""radical"":""口"",""matches"":[[0],[0],[0],[1],[1]]}}]"
本	3	běn	measure: books	本	A tree 木 with its roots highlighted						"[{""character"":""本"",""dictionary"":{""character"":""本"",""definition"":""root, origin, source; basis"",""pinyin"":[""běn""],""decomposition"":""⿻木一"",""etymology"":{""type"":""ideographic"",""hint"":""A tree 木 with its roots highlighted""},""radical"":""木"",""matches"":[[0],[0],[0],[0],[1]]}}]"
张	4	zhāng	measure: flat things, tickets, paper	张			from bow 弓 gōng and | related phonetic long-hair (长)長 zhǎng				"[{""character"":""张"",""dictionary"":{""character"":""张"",""definition"":""to display; to expand, to open; to stretch; a sheet of paper"",""pinyin"":[""zhāng""],""decomposition"":""⿰弓长"",""etymology"":{""type"":""pictophonetic"",""phonetic"":""长"",""semantic"":""弓"",""hint"":""bow""},""radical"":""弓"",""matches"":[[0],[0],[0],[1],[1],[1],[1]]}}]"
条	5	tiáo	measure: long thin things	条		indicating a person holding a stick made out of wood) .	Component 條 | from (rem- 夂 zhǐ) and | (rem- 朩 pin) from | tree 木 mù and | ford-a-river 攸𠈹𣲏㳊 yōu | B105 条[條] new-char 条. | (name- person-river (条)條 tiáo)				"[{""character"":""条"",""dictionary"":{""character"":""条"",""definition"":""clause, condition; string, stripe"",""pinyin"":[""tiáo""],""decomposition"":""⿱夂木"",""etymology"":{""type"":""ideographic"",""hint"":""A branch cut from a tree 木""},""radical"":""木"",""matches"":[[0],[0],[0],[1],[1],[1],[1]]}}]"
件	6	jiàn	measure: clothes, matters, items	件		"in ancient times the man and cow were a ""unit"""					"[{""character"":""件"",""dictionary"":{""character"":""件"",""definition"":""item, matter; component, part; measure word for events"",""pinyin"":[""jiàn""],""decomposition"":""⿰亻牛"",""etymology"":{""type"":""ideographic"",""hint"":""A man 亻 dividing up a cow 牛""},""radical"":""亻"",""matches"":[[0],[0],[1],[1],[1],[1]]}}]"
双	7	shuāng	measure: pair (shoes, hands)	双			Compound 雙 | from two bird 隹 zhuī and | right-hand 又 yòu |  simp 双. | name- two-birds (双)雙 shuāng				"[{""character"":""双"",""dictionary"":{""character"":""双"",""definition"":""pair, couple; both; measure word for things that come in pairs"",""pinyin"":[""shuāng""],""decomposition"":""⿰又又"",""etymology"":{""type"":""ideographic"",""hint"":""Two hands 又 side-by-side""},""radical"":""又"",""matches"":[[0],[0],[1],[1]]}}]"
对	8	duì	measure: pair; couple	对		possibly a hedge to indicate a boundary | early meaning to answer					"[{""character"":""对"",""dictionary"":{""character"":""对"",""definition"":""correct, right; facing, opposed"",""pinyin"":[""duì""],""decomposition"":""⿰又寸"",""etymology"":{""type"":""ideographic"",""hint"":""A pair 又 of hands 寸""},""radical"":""寸"",""matches"":[[0],[0],[1],[1],[1]]}}]"
位	9	wèi	measure: people (polite)	位	The place where a person 亻 stands 立		Compound 位 | from person-left 亻 rén and | related phonetic person-stand 立 lì.				"[{""character"":""位"",""dictionary"":{""character"":""位"",""definition"":""seat, throne; rank, status; position, location"",""pinyin"":[""wèi""],""decomposition"":""⿰亻立"",""etymology"":{""type"":""ideographic"",""hint"":""The place where a person 亻 stands 立""},""radical"":""亻"",""matches"":[[0],[0],[1],[1],[1],[1],[1]]}}]"
名	10	míng	measure: people (formal)	名			from moon 夕 xī and | mouth 口 kǒu | name- moon-name 名 míng.				"[{""character"":""名"",""dictionary"":{""character"":""名"",""definition"":""name; position, rank, title"",""pinyin"":[""míng""],""decomposition"":""⿸夕口"",""etymology"":{""type"":""ideographic"",""hint"":""A name called out 口 to hail someone at night 夕""},""radical"":""口"",""matches"":[[0],[0],[0],[1],[1],[1]]}}]"
次	11	cì	time(s); occasion (去三次)	次		sound of person crying 次舍 for the dead					"[{""character"":""次"",""dictionary"":{""character"":""次"",""definition"":""order, sequence; second, next; one after the other"",""pinyin"":[""cì""],""decomposition"":""⿰冫欠"",""etymology"":{""type"":""ideographic"",""hint"":""A person 欠 yawning multiple times 冫""},""radical"":""欠"",""matches"":[[0],[0],[1],[1],[1],[1]]}}]"
遍	12	biàn	time(s) through (读一遍)	遍			from road-left 彳 chì and | phonetic pages 扁 biǎn				"[{""character"":""遍"",""dictionary"":{""character"":""遍"",""definition"":""everywhere, all over, throughout"",""pinyin"":[""biàn""],""decomposition"":""⿺辶扁"",""etymology"":{""type"":""pictophonetic"",""phonetic"":""扁"",""semantic"":""辶"",""hint"":""walk""},""radical"":""辶"",""matches"":[[1],[1],[1],[1],[1],[1],[1],[1],[1],[0],[0],[0]]}}]"
顿	13	dùn	measure: meals	顿			Compound 頓 | from person-head (页)頁 yè and | phonetic plant-sprout 屯 tún | simp 顿.				"[{""character"":""顿"",""dictionary"":{""character"":""顿"",""definition"":""to pause; to bow; to arrange"",""pinyin"":[""dùn""],""decomposition"":""⿰屯页"",""etymology"":{""type"":""pictophonetic"",""phonetic"":""屯"",""semantic"":""页"",""hint"":""head""},""radical"":""页"",""matches"":[[0],[0],[0],[0],[1],[1],[1],[1],[1],[1]]}}]"
瓶	14	píng	measure: bottle	瓶			from building-tile 瓦 wǎ and | phonetic two-person-combine (并)幷 bìng | simp 瓶.				"[{""character"":""瓶"",""dictionary"":{""character"":""瓶"",""definition"":""bottle, jug, pitcher, vase"",""pinyin"":[""píng""],""decomposition"":""⿰并瓦"",""etymology"":{""type"":""pictophonetic"",""phonetic"":""并"",""semantic"":""瓦"",""hint"":""pottery""},""radical"":""瓦"",""matches"":[[0],[0],[0],[0],[0],[0],[1],[1],[1],[1]]}}]"
杯	15	bēi	measure: cup	杯			from tree 木 mù and | phonetic plant-no 不 bù 				"[{""character"":""杯"",""dictionary"":{""character"":""杯"",""definition"":""cup, glass; measure word for liquids"",""pinyin"":[""bēi""],""decomposition"":""⿰木不"",""etymology"":{""type"":""pictophonetic"",""phonetic"":""不"",""semantic"":""木"",""hint"":""tree""},""radical"":""木"",""matches"":[[0],[0],[0],[0],[1],[1],[1],[1]]}}]"
包	16	bāo	measure: pack; bag	包			from person-hold 勹 bāo and | baby 巳 sì.				"[{""character"":""包"",""dictionary"":{""character"":""包"",""definition"":""wrap, pack, bundle; package"",""pinyin"":[""bāo""],""decomposition"":""⿹勹巳"",""etymology"":{""type"":""ideographic"",""hint"":""To swaddle 勹 a baby 巳; 勹 also provides the pronunciation""},""radical"":""勹"",""matches"":[[0],[0],[1],[1],[1]]}}]"
盒	17	hé	measure: box	盒			from bowl 皿 mǐn and | phonetic two-mouth-together 合 hé.				"[{""character"":""盒"",""dictionary"":{""character"":""盒"",""definition"":""small box or case; casket"",""pinyin"":[""hé""],""decomposition"":""⿱合皿"",""etymology"":{""type"":""pictophonetic"",""phonetic"":""合"",""semantic"":""皿"",""hint"":""container""},""radical"":""皿"",""matches"":[[0],[0],[0],[0],[0],[0],[1],[1],[1],[1],[1]]}}]"
碗	18	wǎn	measure: bowl	碗			from rock-chime 石 shí and | phonetic new-moon-crescent 宛 wǎn  simp 碗.				"[{""character"":""碗"",""dictionary"":{""character"":""碗"",""definition"":""bowl, small dish"",""pinyin"":[""wǎn""],""decomposition"":""⿰石宛"",""etymology"":{""type"":""pictophonetic"",""phonetic"":""宛"",""semantic"":""石"",""hint"":""stone""},""radical"":""石"",""matches"":[[0],[0],[0],[0],[0],[1],[1],[1],[1],[1],[1],[1],[1]]}}]"
盘	19	pán	measure: plate; dish	盘			from bowl 皿 mǐn and | phonetic boat-control 般 bān | new-char 盘.				"[{""character"":""盘"",""dictionary"":{""character"":""盘"",""definition"":""tray, plate, dish; to examine"",""pinyin"":[""pán""],""decomposition"":""⿱舟皿"",""etymology"":{""type"":""pictophonetic"",""phonetic"":""般"",""semantic"":""皿"",""hint"":""dish""},""radical"":""皿"",""matches"":[[0],[0],[0],[0],[0],[0],[1],[1],[1],[1],[1]]}}]"
