# Numbers & counting (set 01): digits, compounds, ordinals, time, and dates.
# Numbers & counting course: etymology_1/uncle_hanzi_1/uncle_decomp_1 = first character; etymology_2/uncle_hanzi_2/uncle_decomp_2 = second character (hanzi suffix picks drill character for multi-character rows).
hanzi	rank	pinyin	english	example_word	etymology_1	uncle_hanzi_1	uncle_decomp_1	etymology_2	uncle_hanzi_2	uncle_decomp_2	dictionary_entries
一	1	yī	one	十一	Represents heaven (天), earth (旦), or the number 1		Component 一 | (name- number-one 一 yī)				"[{""character"":""一"",""dictionary"":{""character"":""一"",""definition"":""one; a, an; alone"",""pinyin"":[""yī""],""decomposition"":""？"",""etymology"":{""type"":""ideographic"",""hint"":""Represents heaven (天), earth (旦), or the number 1""},""radical"":""一"",""matches"":[null]}}]"
二	2	èr	two	十二月	Two  parallel lines; compare 一 (one) and 三 (three)	different code points 二 èr and 𠄞 shàng but they look exactly the same	Component 二 | from two number-one 一 yī and | above 𠄠𠄞丄上 shàng and | (not- 𠄟 xià) and | (not- 𠄠 shàng). | (name- number-two 二 èr) | (name- above 𠄞丄上 shàng)				"[{""character"":""二"",""dictionary"":{""character"":""二"",""definition"":""two; twice"",""pinyin"":[""èr""],""decomposition"":""⿱一一"",""etymology"":{""type"":""ideographic"",""hint"":""Two  parallel lines; compare 一 (one) and 三 (three)""},""radical"":""二"",""matches"":[[0],[1]]}}]"
三	3	sān	three	三	Three  parallel lines; compare 一 (one) and 二 (two)		Compound 三 | from three number-one 一 yī.				"[{""character"":""三"",""dictionary"":{""character"":""三"",""definition"":""three"",""pinyin"":[""sān""],""decomposition"":""⿱一二"",""etymology"":{""type"":""ideographic"",""hint"":""Three  parallel lines; compare 一 (one) and 二 (two)""},""radical"":""一"",""matches"":[[0],[1],[1]]}}]"
四	4	sì	four	四	A child 儿 in a room with four walls 囗		Component 四 | (name- four-si 四 sì)				"[{""character"":""四"",""dictionary"":{""character"":""四"",""definition"":""four"",""pinyin"":[""sì""],""decomposition"":""⿴囗儿"",""etymology"":{""type"":""ideographic"",""hint"":""A child 儿 in a room with four walls 囗""},""radical"":""囗"",""matches"":[[0],[0],[1],[1],[0]]}}]"
五	5	wǔ	five	五	Five elements (the cross with the extra stroke) between heaven 一 and earth 一	originally 5 horizontal strokes, 3 in the middle become an 㐅	Component 五 older 𠄡 | (name- number-five 五𠄡 wǔ)				"[{""character"":""五"",""dictionary"":{""character"":""五"",""definition"":""five; surname"",""pinyin"":[""wǔ""],""decomposition"":""⿴二？"",""etymology"":{""type"":""ideographic"",""hint"":""Five elements (the cross with the extra stroke) between heaven 一 and earth 一 ""},""radical"":""二"",""matches"":[[0],null,null,[0]]}}]"
六	6	liù	six	六		6 sided pagoda 廬 | see 圥坴陸夌踛	Component 六 | (name- number-six-yurt 六 liù)				"[{""character"":""六"",""dictionary"":{""character"":""六"",""definition"":""six"",""pinyin"":[""liù""],""decomposition"":""⿱亠八"",""radical"":""八"",""matches"":[[0],[0],[1],[1]]}}]"
七	7	qī	seven	七		number 7 originally looked like number-ten-shi 十 shí | Some say a modification of scissors-yi 乂 yì which meant to-cut-che 切 qiē, which was pronounced like seven	Component 七 variant 𠀁 | (name- number-seven 七𠀁 qī)				"[{""character"":""七"",""dictionary"":{""character"":""七"",""definition"":""seven"",""pinyin"":[""qī""],""decomposition"":""⿻一乚"",""radical"":""一"",""matches"":[[0],[1]]}}]"
八	8	bā	eight	八	Two bent lines meaning "to divide"	often indicating separation | number 8 | new form font changed most context 八 to context 丷 | 兌 traditional 兑 simplified	Component 八丷 | from (not- 人 rén) and | (not- 入 rù). | (name- separation 丷八 bā)				"[{""character"":""八"",""dictionary"":{""character"":""八"",""definition"":""eight; all around, all sides"",""pinyin"":[""bā""],""decomposition"":""？"",""etymology"":{""type"":""ideographic"",""hint"":""Two bent lines meaning \""to divide\""""},""radical"":""八"",""matches"":[null,null]}}]"
九	9	jiǔ	nine	九	An elbow	believed to be a hand with a hook	Component 九 | (name- number-nine-hook 九 jiǔ)				"[{""character"":""九"",""dictionary"":{""character"":""九"",""definition"":""nine"",""pinyin"":[""jiǔ""],""decomposition"":""⿻丿乙"",""etymology"":{""type"":""pictographic"",""hint"":""An elbow""},""radical"":""乙"",""matches"":[[0],[1]]}}]"
十	10	shí	ten	十		original number 10 - straight line 丨 zhi - later 一 one of 丨 became 十 | original 十 was first celestial stem - later substituted with 甲 | original number 7 七 looked like 十 | indicates completeness 十分	Component 十 from 丨 | from number-one 一 yī and | phonetic stroke-type 丨 gǔn. | (name- number-ten 十 shí)				"[{""character"":""十"",""dictionary"":{""character"":""十"",""definition"":""ten, tenth; complete; perfect"",""pinyin"":[""shí""],""decomposition"":""⿻一丨"",""radical"":""十"",""matches"":[[0],[1]]}}]"
零	11	líng	zero	零	raindrop		Compound 零 | from rain 雨 yǔ and | phonetic give-orders 令 lìng.				"[{""character"":""零"",""dictionary"":{""character"":""零"",""definition"":""zero; fragment, fraction"",""pinyin"":[""líng""],""decomposition"":""⿱雨令"",""etymology"":{""type"":""pictophonetic"",""phonetic"":""令"",""semantic"":""雨"",""hint"":""raindrop""},""radical"":""雨"",""matches"":[[0],[0],[0],[0],[0],[0],[0],[0],[1],[1],[1],[1],[1]]}}]"
两	12	liǎng	two (before measure words)	两	Two people 从 together in a cart	a double ox harness - yolk	Component 兩 variant 両 older 㒳 | B061 两[兩] new-char 两 | (name- two-cow-yoke (两)兩 liǎng)				"[{""character"":""两"",""dictionary"":{""character"":""两"",""definition"":""two, both, pair, couple; ounce"",""pinyin"":[""liǎng""],""decomposition"":""⿱一⿻冂从"",""etymology"":{""type"":""ideographic"",""hint"":""Two people 从 together in a cart""},""radical"":""一"",""matches"":[[0],[1,0],[1,0],[1,1],[1,1],[1,1],[1,1]]}}]"
半	13	bàn	half (e.g. half past the hour)	半	A cow 牛 splitting 丷 wood in half	a sacrificial cow being split in two	Component 半 | from cow 牜牛 niú and | separation 丷八 bā. | (name- half-cow 半 bàn)				"[{""character"":""半"",""dictionary"":{""character"":""半"",""definition"":""half; semi-, incomplete"",""pinyin"":[""bàn""],""decomposition"":""⿻丷牛"",""etymology"":{""type"":""ideographic"",""hint"":""A cow 牛 splitting 丷 wood in half""},""radical"":""十"",""matches"":[[0],[0],[1],[1],[1]]}}]"
刻	14	kè	quarter (of an hour); 15 minutes	刻	knife		Compound 刻 | from knife 刂 dāo and | phonetic terrestrial-branch-twelve 亥 hài.				"[{""character"":""刻"",""dictionary"":{""character"":""刻"",""definition"":""to carve, to engrave; a quarter hour; a moment"",""pinyin"":[""kè""],""decomposition"":""⿰亥刂"",""etymology"":{""type"":""pictophonetic"",""phonetic"":""亥"",""semantic"":""刂"",""hint"":""knife""},""radical"":""刂"",""matches"":[[0],[0],[0],[0],[0],[0],[1],[1]]}}]"
百	15	bǎi	hundred	百	one		Compound 百 | from number-one 一 yī and | phonetic white-moon 白 bái.				"[{""character"":""百"",""dictionary"":{""character"":""百"",""definition"":""one hundred; numerous, many"",""pinyin"":[""bǎi""],""decomposition"":""⿱一白"",""etymology"":{""type"":""pictophonetic"",""phonetic"":""白"",""semantic"":""一"",""hint"":""one""},""radical"":""白"",""matches"":[[0],[1],[1],[1],[1],[1]]}}]"
千	16	qiān	thousand	千		one unit of one thousand | 亻 and 一 | A197 千[韆] | A025 忏[懺] | A111 歼[殲] | B087 迁[遷] | A199 纤[縴纖]	Component 千 | from number-one 一 yī and | phonetic person-left 亻 | A197 千[韆] simp 千. | (name- one-thousand 千 qiān)				"[{""character"":""千"",""dictionary"":{""character"":""千"",""definition"":""thousand; many, numerous; very"",""pinyin"":[""qiān""],""decomposition"":""⿱丿十"",""radical"":""十"",""matches"":[[0],[1],[1]]}}]"
万	17	wàn	ten thousand	万		a scorpion with front claws and a tail	Component 萬 older 𥝅 | from (rem+ 艹 claws) and | (rem+ 臼 jiù claws)(rem- 禺 yú) | B106 万[萬] simp 万. | (name- scorpion-10000 (万)萬𥝅 wàn)				"[{""character"":""万"",""dictionary"":{""character"":""万"",""definition"":""ten thousand; innumerable"",""pinyin"":[""wàn""],""decomposition"":""⿱一？"",""radical"":""一"",""matches"":[[0],null,null]}}]"
第	18	dì	ordinal prefix (第…)	第	Bamboo strips ⺮ arrayed in sequence; 弟 provides the pronunciation	sequence of slats 𥫗竹 in old Chinese bamboo scroll	Compound 第 | from bamboo-top 𥫗竹 zhú and | (rem- 𢎨) from | phonetic bobbin 弟 dì | (not- 弔 diào).				"[{""character"":""第"",""dictionary"":{""character"":""第"",""definition"":""sequence, number; grade, degree; particle prefacing an ordinal"",""pinyin"":[""dì""],""decomposition"":""⿱⺮弟"",""etymology"":{""type"":""ideographic"",""hint"":""Bamboo strips ⺮ arrayed in sequence; 弟 provides the pronunciation""},""radical"":""⺮"",""matches"":[[0],[0],[0],[0],[0],[0],[1],[1],[1],[1],[1]]}}]"
多少	19,39	duōshao	how many; how much	多少	Two nights 夕, suggesting many	meaning lots of meat, much).	Compound 多 | from (rem- 夕 xī) from | ribs 肉 ròu.	Grains of sand; 小 provides the pronunciation and meaning	small 4 grains of sand | double-talk 少 shǎo 眇 miǎo	Component 少 | from three-strokes-small 小 xiǎo and | (rem- 丿piě). | (name- four-strokes-few 少 shǎo)	"[{""character"":""多"",""dictionary"":{""character"":""多"",""definition"":""much, many, multi-; more than, over"",""pinyin"":[""duō""],""decomposition"":""⿱夕夕"",""etymology"":{""type"":""ideographic"",""hint"":""Two nights 夕, suggesting many""},""radical"":""夕"",""matches"":[[0],[0],[0],[1],[1],[1]]}},{""character"":""少"",""dictionary"":{""character"":""少"",""definition"":""few, little; less; inadequate"",""pinyin"":[""shǎo""],""decomposition"":""⿱小丿"",""etymology"":{""type"":""pictographic"",""hint"":""Grains of sand; 小 provides the pronunciation and meaning""},""radical"":""小"",""matches"":[[0],[0],[0],[1]]}}]"
几	20	jǐ	how many (small number expected)	几	A small table; compare 丌	the original machine | a loom with strings and a weaver - many threads, first machine	Component 幾 | from two-threads 𢆶 yōu and | dagger-ax 戈 gē and | person 人 rén | B044 几[幾] simp 几. | (name- loom 幾 jǐ) | (name- stool-loom (几)幾 jǐ)				"[{""character"":""几"",""dictionary"":{""character"":""几"",""definition"":""small table; how many; a few, some"",""pinyin"":[""jǐ""],""decomposition"":""⿰丿乙"",""etymology"":{""type"":""pictographic"",""hint"":""A small table; compare 丌""},""radical"":""几"",""matches"":[[0],[1]]}}]"
多	21	duō	many; much (after number: 十多)	多	Two nights 夕, suggesting many	meaning lots of meat, much).	Compound 多 | from (rem- 夕 xī) from | ribs 肉 ròu.				"[{""character"":""多"",""dictionary"":{""character"":""多"",""definition"":""much, many, multi-; more than, over"",""pinyin"":[""duō""],""decomposition"":""⿱夕夕"",""etymology"":{""type"":""ideographic"",""hint"":""Two nights 夕, suggesting many""},""radical"":""夕"",""matches"":[[0],[0],[0],[1],[1],[1]]}}]"
岁	22	suì	year(s) of age	岁		weed 戌 the fields in summer | 木星 Jupiter retrograde cycle and orbit of 12 years actually 11.86 years | simplification from 歲月 which means "time" 月 to 夕	Compound 嵗 older 歲 | from (rem- 山 shān) from | two-feet 步𣥗 bù and | related phonetic weapon 戌 xū and | moon 夕 xī | C553 歲<嵗> B103 岁[歲] new-char 岁. | (name- Jupiter (岁)歲 suì)				"[{""character"":""岁"",""dictionary"":{""character"":""岁"",""definition"":""year; years old, age; harvest"",""pinyin"":[""suì""],""decomposition"":""⿱山夕"",""radical"":""山"",""matches"":[[0],[0],[0],[1],[1],[1]]}}]"
年	23	nián	year	年	A man 干 carrying grain, representing the annual harvest	a man 千 bringing in a harvest 禾 once a year | see 千	Component 年 older 秊 | from grain 禾 hé and | related phonetic one-thousand 千 qiān | C426 年<秊> simp 年. | (name- year-harvest 年秊 nián)				"[{""character"":""年"",""dictionary"":{""character"":""年"",""definition"":""year; anniversary; a person's age"",""pinyin"":[""nián""],""decomposition"":""⿻干？"",""etymology"":{""type"":""ideographic"",""hint"":""A man 干 carrying grain, representing the annual harvest""},""radical"":""干"",""matches"":[null,[0],null,null,[0],[0]]}}]"
月	24	yuè	month	月	A crescent moon	moon 月 in 朔期明望 | 肉 in 肚背龍有散胜然+200+ | 舟 in 勝朝朕服俞 | 貝 in 朋 | 井 in 青 | 冃 in 胄 | phonetic in 塍	Component 月 | name- moon 月 yuè				"[{""character"":""月"",""dictionary"":{""character"":""月"",""definition"":""moon; month"",""pinyin"":[""yuè""],""decomposition"":""⿵冂二"",""etymology"":{""type"":""pictographic"",""hint"":""A crescent moon""},""radical"":""月"",""matches"":[[0],[0],[1],[1]]}}]"
日	25	rì	day; date	日	The sun	the sun	Component 日 | (name- sun-day 日 rì)				"[{""character"":""日"",""dictionary"":{""character"":""日"",""definition"":""sun; day; daytime"",""pinyin"":[""rì""],""decomposition"":""⿴口一"",""etymology"":{""type"":""pictographic"",""hint"":""The sun""},""radical"":""日"",""matches"":[[0],[0],[1],[0]]}}]"
号	26	hào	date (of month); number	号	mouth	a tiger 虎 means a howling 号 sound	Compound 號 | from howl 号 hào and | related phonetic tiger 虎 hǔ | A085 号[號] | simp 号. | (name- mark 號 hào)				"[{""character"":""号"",""dictionary"":{""character"":""号"",""definition"":""mark, sign; symbol; number; to call, to cry, to roar"",""pinyin"":[""hào""],""decomposition"":""⿱口丂"",""etymology"":{""type"":""pictophonetic"",""phonetic"":""丂"",""semantic"":""口"",""hint"":""mouth""},""radical"":""口"",""matches"":[[0],[0],[0],[1],[1]]}}]"
星期	27,40	xīngqī	week	星期	sun	The original pictograph of stars was 口 not 日 which means sun.	Compound 星 from 曐 from 𠻖 | from three-objects 品 pǐn or | three-stars 晶 jīng | sun-day 日 rì and | phonetic plant 生𤯓 shēng | name- star 星 xīng.	moon		Compound 期 flip-variant 朞 | from moon 月 yuè and | phonetic basket 其 qí | C250 期<朞> simp 期.	"[{""character"":""星"",""dictionary"":{""character"":""星"",""definition"":""star, planet; a point of light"",""pinyin"":[""xīng""],""decomposition"":""⿱日生"",""etymology"":{""type"":""pictophonetic"",""phonetic"":""生"",""semantic"":""日"",""hint"":""sun""},""radical"":""日"",""matches"":[[0],[0],[0],[0],[1],[1],[1],[1],[1]]}},{""character"":""期"",""dictionary"":{""character"":""期"",""definition"":""a period of time; date, time; phase"",""pinyin"":[""qī""],""decomposition"":""⿰其月"",""etymology"":{""type"":""pictophonetic"",""phonetic"":""其"",""semantic"":""月"",""hint"":""moon""},""radical"":""月"",""matches"":[[0],[0],[0],[0],[0],[0],[0],[0],[1],[1],[1],[1]]}}]"
周	28	zhōu	week	周	Border 冂 around land 土 with a well 口	周密 "meticulous" crops | （- 田 with 4 dots indicating crops)	Component 周 | from field 田 tián and | mouth 口 kǒu | C768 周<週> simp 周. | (name- dynasty 周 zhōu)				"[{""character"":""周"",""dictionary"":{""character"":""周"",""definition"":""Zhou dynasty; circumference"",""pinyin"":[""zhōu""],""decomposition"":""⿵冂⿱土口"",""etymology"":{""type"":""ideographic"",""hint"":""Border 冂 around land 土 with a well 口""},""radical"":""口"",""matches"":[[0],[0],[1,0],[1,0],[1,0],[1,1],[1,1],[1,1]]}}]"
点	29	diǎn	o'clock; hour (on clock)	点	fire		Compound 點 | from (rem- 灬 huǒ) from | black-ink 黑𪐗 hēi and | phonetic to-divine 占 zhàn | A050 点[點] | new-char 点.				"[{""character"":""点"",""dictionary"":{""character"":""点"",""definition"":""dot, point, speck"",""pinyin"":[""diǎn""],""decomposition"":""⿱占灬"",""etymology"":{""type"":""pictophonetic"",""phonetic"":""占"",""semantic"":""灬"",""hint"":""fire""},""radical"":""灬"",""matches"":[[0],[0],[0],[0],[0],[1],[1],[1],[1]]}}]"
分	30	fēn	minute; cent (money)	分	Pieces 八 being further subdivided with a knife 刀	separation).	Compound 分 | from knife 刀 dāo and | separation 八 bā				"[{""character"":""分"",""dictionary"":{""character"":""分"",""definition"":""to divide, to allocate; fraction; small unit of time or other quantity"",""pinyin"":[""fēn""],""decomposition"":""⿱八刀"",""etymology"":{""type"":""ideographic"",""hint"":""Pieces 八 being further subdivided with a knife 刀 ""},""radical"":""刀"",""matches"":[[0],[0],[1],[1]]}}]"
早上1	31	zǎoshang	early morning	早上	The first rays 十 of the sun 日	甲 is error from Han seal character | 十 meaning first | first 十 sun 日	Component 早 variant 𣅼 | from sun-day 日 rì and | (rem- 甲 jiǎ seal remnant) from | (rem+ 十 shí indicating first).	One stroke on top of another; compare 下 (below)	a mark above the line indicating up | different code points 二 èr two and 𠄞𠄠 shàng up,	Component 上丄𠄞 | (name- above 𠄠𠄞丄上 shàng)	[{"character":"早","dictionary":{"character":"早","definition":"early; soon; morning","pinyin":["zǎo"],"decomposition":"⿱日十","etymology":{"type":"ideographic","hint":"The first rays 十 of the sun 日"},"radical":"日","matches":[[0],[0],[0],[0],[1],[1]]}},{"character":"上","dictionary":{"character":"上","definition":"above, on top, superior; to go up; to attend; previous","pinyin":["shàng"],"decomposition":"⿱⺊一","etymology":{"type":"ideographic","hint":"One stroke on top of another; compare 下 (below)"},"radical":"一","matches":[[0],[0],[1]]}}]
上午2	32	shàngwǔ	morning (before noon)	上午	One stroke on top of another; compare 下 (below)	a mark above the line indicating up | different code points 二 èr two and 𠄞𠄠 shàng up,	Component 上丄𠄞 | (name- above 𠄠𠄞丄上 shàng)		a large double ended pestle for dehusking rice	Component 午 | (name- pestle 午 wǔ)	[{"character":"上","dictionary":{"character":"上","definition":"above, on top, superior; to go up; to attend; previous","pinyin":["shàng"],"decomposition":"⿱⺊一","etymology":{"type":"ideographic","hint":"One stroke on top of another; compare 下 (below)"},"radical":"一","matches":[[0],[0],[1]]}},{"character":"午","dictionary":{"character":"午","definition":"noon; 7th terrestrial branch","pinyin":["wǔ"],"decomposition":"⿻丿干","radical":"十","matches":[[0],[1],[1],[1]]}}]
晚上1	33	wǎnshang	evening; night	晚上	Avoiding 免 the sun 日; 免 also provides the pronunciation		Compound 晚 | from sun-day 日 rì and | phonetic person-hat 免 miǎn.	One stroke on top of another; compare 下 (below)	a mark above the line indicating up | different code points 二 èr two and 𠄞𠄠 shàng up,	Component 上丄𠄞 | (name- above 𠄠𠄞丄上 shàng)	[{"character":"晚","dictionary":{"character":"晚","definition":"night, evening; late","pinyin":["wǎn"],"decomposition":"⿰日免","etymology":{"type":"ideographic","hint":"Avoiding 免 the sun 日; 免 also provides the pronunciation"},"radical":"日","matches":[[0],[0],[0],[0],[1],[1],[1],[1],[1],[1],[1]]}},{"character":"上","dictionary":{"character":"上","definition":"above, on top, superior; to go up; to attend; previous","pinyin":["shàng"],"decomposition":"⿱⺊一","etymology":{"type":"ideographic","hint":"One stroke on top of another; compare 下 (below)"},"radical":"一","matches":[[0],[0],[1]]}}]
中午2	34	zhōngwǔ	noon; midday	中午	A line 丨 through the center of a box 口	originally a pictograph of a string heddle 综 | now a pictograph of a line through a square indicating center | A332 钟[鐘鍾] | A333 肿[腫] | A334 种[種]	Component 中 older 𠁩 | (name- center 中𠁩 zhōng)		a large double ended pestle for dehusking rice	Component 午 | (name- pestle 午 wǔ)	[{"character":"中","dictionary":{"character":"中","definition":"central; center, middle; amidst; to hit (target), to attain; China; Chinese","pinyin":["zhōng"],"decomposition":"⿻口丨","etymology":{"type":"ideographic","hint":"A line 丨 through the center of a box 口"},"radical":"丨","matches":[[0],[0],[0],[1]]}},{"character":"午","dictionary":{"character":"午","definition":"noon; 7th terrestrial branch","pinyin":["wǔ"],"decomposition":"⿻丿干","radical":"十","matches":[[0],[1],[1],[1]]}}]
下午1	35	xiàwǔ	afternoon	下午	One stroke under another; compare 上 (above)	short mark below indicating down	Component 下丅𠄟 | (name- below 𠄟丅下 xià)		a large double ended pestle for dehusking rice	Component 午 | (name- pestle 午 wǔ)	[{"character":"下","dictionary":{"character":"下","definition":"below, underneath; inferior; to bring down; next","pinyin":["xià"],"decomposition":"⿱一卜","etymology":{"type":"ideographic","hint":"One stroke under another; compare 上 (above)"},"radical":"一","matches":[[0],[1],[1]]}},{"character":"午","dictionary":{"character":"午","definition":"noon; 7th terrestrial branch","pinyin":["wǔ"],"decomposition":"⿻丿干","radical":"十","matches":[[0],[1],[1],[1]]}}]
秒	36	miǎo	second	秒	grain	a spike of grain) (double-talk- 少 shǎo 眇 miǎo	Compound 秒 | from grain 禾 hé and | (rem- 少 shǎo) from | reduced phonetic small 眇 miǎo. | (double-talk 少 shǎo 眇 miǎo)				"[{""character"":""秒"",""dictionary"":{""character"":""秒"",""definition"":""a second; a corn kernel; measure word for time"",""pinyin"":[""miǎo""],""decomposition"":""⿰禾少"",""etymology"":{""type"":""pictophonetic"",""phonetic"":""少"",""semantic"":""禾"",""hint"":""grain""},""radical"":""禾"",""matches"":[[0],[0],[0],[0],[0],[1],[1],[1],[1]]}}]"
小时2	37	xiǎoshí	hour	小时	Dividing 八 by a line 亅	from three dots | in context ⺌ | see 少	Component 小 | (name- three-strokes-small 小 xiǎo)	day		Compound 時 | from hand-and-thumb 寸 cùn and | motion-of-the-sun 旹 shí | C533 時<旹> B098 时[時] new-char 时. | name- motion-of-the-sun (时)時 shí	"[{""character"":""小"",""dictionary"":{""character"":""小"",""definition"":""small, tiny, insignificant"",""pinyin"":[""xiǎo""],""decomposition"":""⿻亅八"",""etymology"":{""type"":""ideographic"",""hint"":""Dividing 八 by a line 亅""},""radical"":""小"",""matches"":[[0],[1],[1]]}},{""character"":""时"",""dictionary"":{""character"":""时"",""definition"":""time, season; period, era, age"",""pinyin"":[""shí""],""decomposition"":""⿰日寸"",""etymology"":{""type"":""pictophonetic"",""semantic"":""日"",""hint"":""day""},""radical"":""日"",""matches"":[[0],[0],[0],[0],[1],[1],[1]]}}]"
分钟2	38	fēnzhōng	minute	分钟	Pieces 八 being further subdivided with a knife 刀	separation).	Compound 分 | from knife 刀 dāo and | separation 八 bā	metal		Compound 鐘 | from metal-bell (钅)釒 jīn and | phonetic child 童 tóng | phonetic center 中 zhōng | A332 钟[鐘鍾] | new-char 钟.	"[{""character"":""分"",""dictionary"":{""character"":""分"",""definition"":""to divide, to allocate; fraction; small unit of time or other quantity"",""pinyin"":[""fēn""],""decomposition"":""⿱八刀"",""etymology"":{""type"":""ideographic"",""hint"":""Pieces 八 being further subdivided with a knife 刀 ""},""radical"":""刀"",""matches"":[[0],[0],[1],[1]]}},{""character"":""钟"",""dictionary"":{""character"":""钟"",""definition"":""clock; bell"",""pinyin"":[""zhōng""],""decomposition"":""⿰钅中"",""etymology"":{""type"":""pictophonetic"",""phonetic"":""中"",""semantic"":""钅"",""hint"":""metal""},""radical"":""钅"",""matches"":[[0],[0],[0],[0],[0],[1],[1],[1],[1]]}}]"
