# HSK companion cloze for hsk1_l10. Original sentences; chapter vocab as blanks.
hanzi	pinyin	english	blank	dictionary_entries
请坐这儿。	qǐng zuò zhèr	Please sit here.	坐	
我能坐那儿吗？	wǒ néng zuò nàr ma	May I sit there?	能	
桌子上有书和电脑。	zhuōzi shàng yǒu shū hé diànnǎo	There is a book and a computer on the table.	和	
杯子在桌子上。	bēizi zài zhuōzi shàng	The cup is on the table.	上	
医院里有医生。	yīyuàn lǐ yǒu yīshēng	There are doctors in the hospital.	里	
爸爸能坐这儿吗？	bàba néng zuò zhèr ma	May dad sit here?	能	
学生坐这儿。	xuésheng zuò zhèr	The student sits here.	坐	
桌子上有一本书。	zhuōzi shàng yǒu yì běn shū	There is a book on the table.	本	
狗在桌子后面。	gǒu zài zhuōzi hòumiàn	The dog is behind the table.	后面	
学生有一本书。	xuésheng yǒu yì běn shū	The student has a book.	本	
书在桌子上面。	shū zài zhuōzi shàngmiàn	The book is on the table.	桌子	
我坐这儿。	wǒ zuò zhèr	I sit here.	这儿	
学校里有学生。	xuéxiào lǐ yǒu xuésheng	There are students in the school.	里	
你能写汉字吗？	nǐ néng xiě Hànzì ma	Can you write Chinese characters?	能	
老师和妈妈在这儿。	lǎoshī hé māma zài zhèr	The teacher and mom are here.	和	
桌子上有电脑。	zhuōzi shàng yǒu diànnǎo	There is a computer on the table.	电脑	
学校里有老师吗？	xuéxiào lǐ yǒu lǎoshī ma	Are there teachers in the school?	里	
儿子在椅子前面。	érzi zài yǐzi qiánmiàn	The son is in front of the chair.	前面	
老师请坐。	lǎoshī qǐng zuò	Teacher, please sit.	坐	
学校里没有老师吗？	xuéxiào lǐ méiyǒu lǎoshī ma	Are there no teachers in the school?	没有	
请坐这儿，谢谢。	qǐng zuò zhèr, xièxie	Please sit here. Thanks.	这儿	
桌子上没有电脑。	zhuōzi shàng méiyǒu diànnǎo	There is no computer on the table.	没有	
猫在椅子前面。	māo zài yǐzi qiánmiàn	The cat is in front of the chair.	前面	
谢朋没有电脑。	Xiè Péng méiyǒu diànnǎo	Xie Peng does not have a computer.	谢朋	
王方在这儿。	Wáng Fāng zài zhèr	Wang Fang is here.	王方	
电脑在桌子上。	diànnǎo zài zhuōzi shàng	The computer is on the table.	桌子	
猫在电脑后面。	māo zài diànnǎo hòumiàn	The cat is behind the computer.	后面	
书在桌子上。	shū zài zhuōzi shàng	The book is on the table.	上	
这儿没有椅子。	zhèr méiyǒu yǐzi	There is no chair here.	没有	
电脑在哪儿？	diànnǎo zài nǎr	Where is the computer?	电脑	
