# Colors (set 02): color words, light/dark, and shade vocabulary.										
# Colors course: etymology_1/uncle_hanzi_1/uncle_decomp_1 = first character; etymology_2/uncle_hanzi_2/uncle_decomp_2 = second character (hanzi suffix still picks drill character).										
hanzi	rank	pinyin	english	example_word	etymology_1	uncle_hanzi_1	uncle_decomp_1	etymology_2	uncle_hanzi_2	uncle_decomp_2	dictionary_entries
颜色1	1	yánsè	color	颜色			from person-head (页)頁 yè and | phonetic nice-cloths-yan 彦彥 yàn | simp 颜.	What a person ⺈ desires 巴		Compound 色 | from person-top ⺈ rén and | (rem- 巴 ba) from | person-kneeling 卩 jié | name- color 色 sè.	"[{""character"":""颜"",""dictionary"":{""character"":""颜"",""definition"":""face, facial appearance"",""pinyin"":[""yán""],""decomposition"":""⿰彦页"",""etymology"":{""type"":""pictophonetic"",""phonetic"":""彦"",""semantic"":""页"",""hint"":""head""},""radical"":""页"",""matches"":[[0],[0],[0],[0],[0],[0],[0],[0],[0],[1],[1],[1],[1],[1],[1]]}},{""character"":""色"",""dictionary"":{""character"":""色"",""definition"":""color, tint, hue, shade; beauty, form; sex"",""pinyin"":[""sè""],""decomposition"":""⿱⺈巴"",""etymology"":{""type"":""ideographic"",""hint"":""What a person ⺈ desires 巴""},""radical"":""色"",""matches"":[[0],[0],[1],[1],[1],[1]]}}]"
彩色1	2	cǎisè	colorful; multicolor	彩色		colored cloth strips | colored silk	Compound 彩 | from (rem+ 彡 shān stripes) and | phonetic hand-pick 采 cǎi | C047 彩<綵> simp 彩 | (not- 釆 biàn).	What a person ⺈ desires 巴		Compound 色 | from person-top ⺈ rén and | (rem- 巴 ba) from | person-kneeling 卩 jié | name- color 色 sè.	"[{""character"":""彩"",""dictionary"":{""character"":""彩"",""definition"":""color, hue; prize; brilliant; variegated"",""pinyin"":[""cǎi""],""decomposition"":""⿰采彡"",""etymology"":{""type"":""pictophonetic"",""phonetic"":""采"",""semantic"":""彡"",""hint"":""hair""},""radical"":""彡"",""matches"":[[0],[0],[0],[0],[0],[0],[0],[0],[1],[1],[1]]}},{""character"":""色"",""dictionary"":{""character"":""色"",""definition"":""color, tint, hue, shade; beauty, form; sex"",""pinyin"":[""sè""],""decomposition"":""⿱⺈巴"",""etymology"":{""type"":""ideographic"",""hint"":""What a person ⺈ desires 巴""},""radical"":""色"",""matches"":[[0],[0],[1],[1],[1],[1]]}}]"
亮	3	liàng	bright; light	亮	A lit oil lamp		PComponent 亮 | from person 儿 ér and | building-tall 高 gāo.				"[{""character"":""亮"",""dictionary"":{""character"":""亮"",""definition"":""bright, brilliant, radiant, light"",""pinyin"":[""liàng""],""decomposition"":""⿳亠口⿱冖几"",""etymology"":{""type"":""pictographic"",""hint"":""A lit oil lamp""},""radical"":""亠"",""matches"":[[0],[0],[1],[1],[1],[2,0],[2,0],[2,1],[2,1]]}}]"
暗	4	àn	dark; dim	暗			from sun-day 日 rì and | phonetic mouth-speaking 音 yīn |  simp 暗.				"[{""character"":""暗"",""dictionary"":{""character"":""暗"",""definition"":""dark, gloomy; obscure; secret, covert"",""pinyin"":[""àn""],""decomposition"":""⿰日音"",""etymology"":{""type"":""pictophonetic"",""phonetic"":""音"",""semantic"":""日"",""hint"":""sun""},""radical"":""日"",""matches"":[[0],[0],[0],[0],[1],[1],[1],[1],[1],[1],[1],[1],[1]]}}]"
明亮	5,14	míngliàng	bright; well-lit	明亮	The light of the sun 日 and moon 月	lets in moon light	Compound 明 older 朙 | from (rem- 日 rì) from | window 囧 jiǒng and | moon 月 yuè.	A lit oil lamp		PComponent 亮 | from person 儿 ér and | building-tall 高 gāo.	"[{""character"":""明"",""dictionary"":{""character"":""明"",""definition"":""bright, clear; to explain, to understand, to shed light"",""pinyin"":[""míng""],""decomposition"":""⿰日月"",""etymology"":{""type"":""ideographic"",""hint"":""The light of the sun 日 and moon 月""},""radical"":""日"",""matches"":[[0],[0],[0],[0],[1],[1],[1],[1]]}},{""character"":""亮"",""dictionary"":{""character"":""亮"",""definition"":""bright, brilliant, radiant, light"",""pinyin"":[""liàng""],""decomposition"":""⿳亠口⿱冖几"",""etymology"":{""type"":""pictographic"",""hint"":""A lit oil lamp""},""radical"":""亠"",""matches"":[[0],[0],[1],[1],[1],[2,0],[2,0],[2,1],[2,1]]}}]"
昏暗	6,15	hūnàn	dim; gloomy	昏暗	Th sun 日 setting behind a village 氏		Compound 昏 | from person-mister 氏 shì and | sun-day 日 rì | C243 昏<昬> simp 昏.			from sun-day 日 rì and | phonetic mouth-speaking 音 yīn | simp 暗.	"[{""character"":""昏"",""dictionary"":{""character"":""昏"",""definition"":""dusk, nightfall, twilight, dark; to faint, to lose consciousness"",""pinyin"":[""hūn""],""decomposition"":""⿱氏日"",""etymology"":{""type"":""ideographic"",""hint"":""Th sun 日 setting behind a village 氏""},""radical"":""日"",""matches"":[[0],[0],[0],[0],[1],[1],[1],[1]]}},{""character"":""暗"",""dictionary"":{""character"":""暗"",""definition"":""dark, gloomy; obscure; secret, covert"",""pinyin"":[""àn""],""decomposition"":""⿰日音"",""etymology"":{""type"":""pictophonetic"",""phonetic"":""音"",""semantic"":""日"",""hint"":""sun""},""radical"":""日"",""matches"":[[0],[0],[0],[0],[1],[1],[1],[1],[1],[1],[1],[1],[1]]}}]"
鲜艳	7,16	xiānyàn	vivid; bright (colors)	鲜艳			from fish (鱼)魚 yú and | sheep 羊 yáng | simp 鲜.			from color 色 sè and | drum (丰)豐 fēng |  simp 艳. 	"[{""character"":""鲜"",""dictionary"":{""character"":""鲜"",""definition"":""fresh; delicious; attractive"",""pinyin"":[""xiān""],""decomposition"":""⿰鱼羊"",""etymology"":{""type"":""pictophonetic"",""phonetic"":""羊"",""semantic"":""鱼"",""hint"":""fish""},""radical"":""鱼"",""matches"":[[0],[0],[0],[0],[0],[0],[0],[0],[1],[1],[1],[1],[1],[1]]}},{""character"":""艳"",""dictionary"":{""character"":""艳"",""definition"":""beautiful, glamorous, sexy, voluptuous"",""pinyin"":[""yàn""],""decomposition"":""⿰丰色"",""etymology"":{""type"":""ideographic"",""hint"":""Lush 丰 and sexy 色""},""radical"":""色"",""matches"":[[0],[0],[0],[0],[1],[1],[1],[1],[1],[1]]}}]"
艳丽	8,17	yànlì	gorgeous; showy (colors)	艳丽			from color 色 sè and | drum (丰)豐 fēng |  simp 艳. 	Simplified form of 麗; the antlers of a deer 鹿	antlers of the deer	Component 麗 | B060 丽[麗] simp 丽 | (name- animal-deer (丽)麗 lì)	"[{""character"":""艳"",""dictionary"":{""character"":""艳"",""definition"":""beautiful, glamorous, sexy, voluptuous"",""pinyin"":[""yàn""],""decomposition"":""⿰丰色"",""etymology"":{""type"":""ideographic"",""hint"":""Lush 丰 and sexy 色""},""radical"":""色"",""matches"":[[0],[0],[0],[0],[1],[1],[1],[1],[1],[1]]}},{""character"":""丽"",""dictionary"":{""character"":""丽"",""definition"":""beautiful, elegant, magnificent"",""pinyin"":[""lì""],""decomposition"":""⿱一⿰⿵冂丶⿵冂丶"",""etymology"":{""type"":""ideographic"",""hint"":""Simplified form of 麗; the antlers of a deer 鹿""},""radical"":""丶"",""matches"":[[0],[1,0,0],[1,0,0],[1,0,1],[1,1,0],[1,1,0],[1,1,1]]}}]"
暗淡	9,18	àndàn	dull; dim (colors)	暗淡			from sun-day 日 rì and | phonetic mouth-speaking 音 yīn |  simp 暗.			from three-dot-water 氵 shuǐ and | phonetic two-fires 炎 yán |  simp 淡.	"[{""character"":""暗"",""dictionary"":{""character"":""暗"",""definition"":""dark, gloomy; obscure; secret, covert"",""pinyin"":[""àn""],""decomposition"":""⿰日音"",""etymology"":{""type"":""pictophonetic"",""phonetic"":""音"",""semantic"":""日"",""hint"":""sun""},""radical"":""日"",""matches"":[[0],[0],[0],[0],[1],[1],[1],[1],[1],[1],[1],[1],[1]]}},{""character"":""淡"",""dictionary"":{""character"":""淡"",""definition"":""watery, dilute; insipid, tasteless"",""pinyin"":[""dàn""],""decomposition"":""⿰氵炎"",""etymology"":{""type"":""pictophonetic"",""phonetic"":""炎"",""semantic"":""氵"",""hint"":""water""},""radical"":""氵"",""matches"":[[0],[0],[0],[1],[1],[1],[1],[1],[1],[1],[1]]}}]"
浅	10	qiǎn	light (shade); pale	浅			from three-dot-water 氵 shuǐ and | related phonetic weapons (戋)戔 jiān | simp 浅.				"[{""character"":""浅"",""dictionary"":{""character"":""浅"",""definition"":""shallow, superficial"",""pinyin"":[""qiǎn""],""decomposition"":""⿰氵戋"",""etymology"":{""type"":""pictophonetic"",""phonetic"":""戋"",""semantic"":""氵"",""hint"":""water""},""radical"":""氵"",""matches"":[[0],[0],[0],[1],[1],[1],[1],[1]]}}]"
深	11	shēn	dark (shade); deep	深	Deep 罙 water 氵		from three-dot-water 氵 shuǐ and | phonetic cave-deep 罙𥥍𥥦 shēn |  simp 深.				"[{""character"":""深"",""dictionary"":{""character"":""深"",""definition"":""deep, profound; depth"",""pinyin"":[""shēn""],""decomposition"":""⿰氵罙"",""etymology"":{""type"":""ideographic"",""hint"":""Deep 罙 water 氵""},""radical"":""氵"",""matches"":[[0],[0],[0],[1],[1],[1],[1],[1],[1],[1],[1]]}}]"
淡	12	dàn	pale; light (color)	淡			from three-dot-water 氵 shuǐ and | phonetic two-fires 炎 yán |  simp 淡.				"[{""character"":""淡"",""dictionary"":{""character"":""淡"",""definition"":""watery, dilute; insipid, tasteless"",""pinyin"":[""dàn""],""decomposition"":""⿰氵炎"",""etymology"":{""type"":""pictophonetic"",""phonetic"":""炎"",""semantic"":""氵"",""hint"":""water""},""radical"":""氵"",""matches"":[[0],[0],[0],[1],[1],[1],[1],[1],[1],[1],[1]]}}]"
浓	13	nóng	deep; rich; intense (color)	浓			from three-dot-water 氵 shuǐ and | phonetic farmer (农)農䢉辳 nóng | simp 浓.				"[{""character"":""浓"",""dictionary"":{""character"":""浓"",""definition"":""concentrated, dense, strong, thick"",""pinyin"":[""nóng""],""decomposition"":""⿰氵农"",""etymology"":{""type"":""pictophonetic"",""phonetic"":""农"",""semantic"":""氵"",""hint"":""water""},""radical"":""氵"",""matches"":[[0],[0],[0],[1],[1],[1],[1],[1],[1]]}}]"
