# Food & drink (set 02): common foods, drinks, and condiments.
# Food & drink course: etymology_1/uncle_hanzi_1/uncle_decomp_1 = first character; etymology_2/uncle_hanzi_2/uncle_decomp_2 = second character (duplicate when both characters are the same).
hanzi	rank	pinyin	english	example_word	etymology_1	uncle_hanzi_1	uncle_decomp_1	etymology_2	uncle_hanzi_2	uncle_decomp_2	dictionary_entries
啤酒	1,23	píjiǔ	beer	啤酒			Compound 啤 | from mouth 口 kǒu and | phonetic fan-slave 卑 bēi.	A jar 酉 of wine 氵; 酉 also provides the pronunciation		Compound 酒 | from three-dot-water 氵 shuǐ and | container-jug 酉 yǒu.	"[{""character"":""啤"",""dictionary"":{""character"":""啤"",""definition"":""beer"",""pinyin"":[""pí""],""decomposition"":""⿰口卑"",""etymology"":{""type"":""pictophonetic"",""phonetic"":""卑"",""semantic"":""口"",""hint"":""mouth""},""radical"":""口"",""matches"":[[0],[0],[0],[1],[1],[1],[1],[1],[1],[1],[1]]}},{""character"":""酒"",""dictionary"":{""character"":""酒"",""definition"":""wine, spirits, liquor, alcohol"",""pinyin"":[""jiǔ""],""decomposition"":""⿰氵酉"",""etymology"":{""type"":""ideographic"",""hint"":""A jar 酉 of wine 氵; 酉 also provides the pronunciation""},""radical"":""酉"",""matches"":[[0],[0],[0],[1],[1],[1],[1],[1],[1],[1]]}}]"
果汁	2,24	guǒzhī	fruit juice	果汁	Fruit 田 growing on a tree 木	fruit	Component 果 | from tree 木 mù and | (rem+ 田 tián the-fruit) | C210 果<菓> simp 果. | (name- tree-fruit 果 guǒ)	water		Compound 汁 | from three-dot-water 氵 shuǐ and | phonetic number-ten 十 shí.	"[{""character"":""果"",""dictionary"":{""character"":""果"",""definition"":""fruit, nut; result"",""pinyin"":[""guǒ""],""decomposition"":""⿱田木"",""etymology"":{""type"":""ideographic"",""hint"":""Fruit 田 growing on a tree 木""},""radical"":""木"",""matches"":[[0],[0],[0],[0],[1],[1],[1],[1]]}},{""character"":""汁"",""dictionary"":{""character"":""汁"",""definition"":""juice, liquor, fluid; sap; gravy, sauce"",""pinyin"":[""zhī""],""decomposition"":""⿰氵十"",""etymology"":{""type"":""pictophonetic"",""phonetic"":""十"",""semantic"":""氵"",""hint"":""water""},""radical"":""氵"",""matches"":[[0],[0],[0],[1],[1]]}}]"
糖	3	táng	sugar; candy	糖			Compound 糖 | from rice 米 mǐ and | phonetic Tang-dynasty 唐 táng | C567 糖<餹> simp 糖.				"[{""character"":""糖"",""dictionary"":{""character"":""糖"",""definition"":""candy, sugar, sweets"",""pinyin"":[""táng""],""decomposition"":""⿰米唐"",""etymology"":{""type"":""pictophonetic"",""phonetic"":""唐"",""semantic"":""米"",""hint"":""rice""},""radical"":""米"",""matches"":[[0],[0],[0],[0],[0],[0],[1],[1],[1],[1],[1],[1],[1],[1],[1],[1]]}}]"
盐	4	yán	salt	盐			Compound 鹽 | from bag-of-salt (卤)鹵 lǔ and | phonetic supervise (监)監𧗄 jiān | (simplification from variant (盐)𪉩 yán) | A282 盐[鹽] | new-char 盐. | (name- salt (盐)𪉩鹽 yán)				"[{""character"":""盐"",""dictionary"":{""character"":""盐"",""definition"":""salt"",""pinyin"":[""yán""],""decomposition"":""⿱圤皿"",""radical"":""皿"",""matches"":[[0],[0],[0],[0],[0],[1],[1],[1],[1],[1]]}}]"
油	5	yóu	oil; cooking oil	油			Compound 油 | from three-dot-water 氵 shuǐ and | phonetic sprout 由 yóu.				"[{""character"":""油"",""dictionary"":{""character"":""油"",""definition"":""oil, fat, grease, lard; oil paints"",""pinyin"":[""yóu""],""decomposition"":""⿰氵由"",""etymology"":{""type"":""pictophonetic"",""phonetic"":""由"",""semantic"":""氵"",""hint"":""water""},""radical"":""氵"",""matches"":[[0],[0],[0],[1],[1],[1],[1],[1]]}}]"
香蕉	6,25	xiāngjiāo	banana	香蕉	A herb 禾 with a sweet 甘 smell		Compound 香𥞌 | from grain 禾 hé and | mouth-speaking 曰 yuē | name- fragrant 香𥞌 xiāng.	plant		Compound 蕉 | from grass-top 艹艸 cǎo and | phonetic scorched-bird 焦 jiāo.	"[{""character"":""香"",""dictionary"":{""character"":""香"",""definition"":""incense; fragrant, aromatic"",""pinyin"":[""xiāng""],""decomposition"":""⿱禾日"",""etymology"":{""type"":""ideographic"",""hint"":""A herb 禾 with a sweet 甘 smell""},""radical"":""香"",""matches"":[[0],[0],[0],[0],[0],[1],[1],[1],[1]]}},{""character"":""蕉"",""dictionary"":{""character"":""蕉"",""definition"":""banana, plantain"",""pinyin"":[""jiāo""],""decomposition"":""⿱艹焦"",""etymology"":{""type"":""pictophonetic"",""phonetic"":""焦"",""semantic"":""艹"",""hint"":""plant""},""radical"":""艹"",""matches"":[[0],[0],[0],[1],[1],[1],[1],[1],[1],[1],[1],[1],[1],[1],[1]]}}]"
橙子	7,26	chéngzi	orange	橙子			Compound 橙 | from tree 木 mù and | phonetic two-feet-ascend 登 dēng.	A child in a wrap, with outstretched arms but bundled legs	a baby with two arms | 地支 - 子丑寅卯辰巳午未申酉戌亥	Component 子 | (name- child 子 zi)	"[{""character"":""橙"",""dictionary"":{""character"":""橙"",""definition"":""orange"",""pinyin"":[""chéng""],""decomposition"":""⿰木登"",""etymology"":{""type"":""pictophonetic"",""phonetic"":""登"",""semantic"":""木"",""hint"":""tree""},""radical"":""木"",""matches"":[[0],[0],[0],[0],[1],[1],[1],[1],[1],[1],[1],[1],[1],[1],[1],[1]]}},{""character"":""子"",""dictionary"":{""character"":""子"",""definition"":""child; seed, egg; fruit; small thing"",""pinyin"":[""zi""],""decomposition"":""⿻了一"",""etymology"":{""type"":""pictographic"",""hint"":""A child in a wrap, with outstretched arms but bundled legs""},""radical"":""子"",""matches"":[[0],[0],[1]]}}]"
豆腐	8,27	dòufu	tofu	豆腐	An old serving dish 口 on a stand with a lid 一	see 壴 zhù	Component 豆 | C132 豆<荳> simp 豆. | (name- ritual-vessel 豆 dòu)	meat		Compound 腐 | from ribs 肉 ròu and | phonetic government 府 fǔ.	"[{""character"":""豆"",""dictionary"":{""character"":""豆"",""definition"":""beans, peas; bean-shaped"",""pinyin"":[""dòu""],""decomposition"":""⿳一口⿱丷一"",""etymology"":{""type"":""pictographic"",""hint"":""An old serving dish 口 on a stand with a lid 一""},""radical"":""豆"",""matches"":[[0],[1],[1],[1],[2,0],[2,0],[2,1]]}},{""character"":""腐"",""dictionary"":{""character"":""腐"",""definition"":""to spoil, to rot, to decay; rotten"",""pinyin"":[""fǔ""],""decomposition"":""⿸广⿱付肉"",""etymology"":{""type"":""pictophonetic"",""phonetic"":""付"",""semantic"":""肉"",""hint"":""meat""},""radical"":""肉"",""matches"":[[0],[0],[0],[1,0],[1,0],[1,0],[1,0],[1,0],[1,1],[1,1],[1,1],[1,1],[1,1],[1,1]]}}]"
可乐	9,28	kělè	cola	可乐		modified 何 original of song 歌 maybe singing as you work - a scythe or hoe from 何 | see 柯	Component 可 | from mouth 口 kǒu and | (rem+ 丁 dīng hoe) from. | (name- chant 可 kě)	Simplified form of 樂, a musical instrument with wood 木, strings 幺, and a pick 白	believed to be some drums on a wooden rack, Chinese zither	Component 樂 | from two-threads 𢆶 yōu and | (rem- 白 bái) and | tree 木 mù | B057 乐[樂] new-char 乐. | (name- music (乐)樂 lè)	"[{""character"":""可"",""dictionary"":{""character"":""可"",""definition"":""may, can, -able; possibly"",""pinyin"":[""kě""],""decomposition"":""⿻丁口"",""etymology"":{""type"":""pictophonetic"",""semantic"":""丁"",""hint"":""vigorous"",""phonetic"":""口""},""radical"":""口"",""matches"":[[0],[1],[1],[1],[0]]}},{""character"":""乐"",""dictionary"":{""character"":""乐"",""definition"":""cheerful, happy, laughing; music"",""pinyin"":[""lè""],""decomposition"":""⿻⿱丿？小"",""etymology"":{""type"":""ideographic"",""hint"":""Simplified form of 樂, a musical instrument with wood 木, strings 幺, and a pick 白""},""radical"":""丿"",""matches"":[[0,0],null,[1],[1],[1]]}}]"
蛋糕	10,29	dàngāo	cake	蛋糕		from 蜑 a barbarian tribe in the south mutant 蛋 | derogatory name	Compound 蜑 mutant 蛋 | from insect 虫 chóng and | (rem- 疋 shū) from | reduced phonetic delay 延 yán. | (name- egg-dan 蛋 dàn).	rice		Compound 糕 | from rice 米 mǐ and | phonetic lamb-stew 羔 gāo | C187 糕<餻> simp 糕.	"[{""character"":""蛋"",""dictionary"":{""character"":""蛋"",""definition"":""egg"",""pinyin"":[""dàn""],""decomposition"":""⿱疋虫"",""etymology"":{""type"":""pictophonetic"",""phonetic"":""延"",""semantic"":""虫"",""hint"":""insect""},""radical"":""虫"",""matches"":[[0],[0],[0],[0],[0],[1],[1],[1],[1],[1],[1]]}},{""character"":""糕"",""dictionary"":{""character"":""糕"",""definition"":""cake, pastry"",""pinyin"":[""gāo""],""decomposition"":""⿰米羔"",""etymology"":{""type"":""pictophonetic"",""phonetic"":""羔"",""semantic"":""米"",""hint"":""rice""},""radical"":""米"",""matches"":[[0],[0],[0],[0],[0],[0],[1],[1],[1],[1],[1],[1],[1],[1],[1],[1]]}}]"
番茄酱	11,30,41	fānqiéjiàng	ketchup; tomato sauce	番茄酱	Sowing seeds 米 on the farm 田	a winnowing pan, examine rice for rocks - foreign objects | traditionally people think it means animal tracks, so 𥻫𥸨	Component 番 variant 𥻫𥸨 | from sorting-rice 釆 biàn and | (not- 采 cǎi) and | (rem+ 田 tián winnowing sorting pan). | (name- sort-rice 番 fān)	plant		Compound 茄 | from grass-top 艹艸 cǎo and | phonetic mouth-increase 加 jiā.	"[{""character"":""番"",""dictionary"":{""character"":""番"",""definition"":""to take turns, to repeat; to sow; a turn"",""pinyin"":[""fān""],""decomposition"":""⿱⿱？米田"",""etymology"":{""type"":""ideographic"",""hint"":""Sowing seeds 米 on the farm 田""},""radical"":""田"",""matches"":[null,[0,1],[0,1],[0,1],[0,1],[0,1],[0,1],[1],[1],[1],[1],[1]]}},{""character"":""茄"",""dictionary"":{""character"":""茄"",""definition"":""eggplant"",""pinyin"":[""jiā""],""decomposition"":""⿱艹加"",""etymology"":{""type"":""pictophonetic"",""phonetic"":""加"",""semantic"":""艹"",""hint"":""plant""},""radical"":""艹"",""matches"":[[0],[0],[0],[1],[1],[1],[1],[1]]}},{""character"":""酱"",""dictionary"":{""character"":""酱"",""definition"":""sauce, paste, jam"",""pinyin"":[""jiàng""],""decomposition"":""⿱⿰丬夕酉"",""etymology"":{""type"":""pictophonetic"",""phonetic"":""丬"",""semantic"":""酉"",""hint"":""wine""},""radical"":""酉"",""matches"":[[0,0],[0,0],[0,0],[0,1],[0,1],[0,1],[1],[1],[1],[1],[1],[1],[1]]}}]"
酱油	12,31	jiàngyóu	soy sauce	酱油		standalone 将將 | Japanese 醤	Compound 醬 Japanese 醤 | from container-jug 酉 yǒu and | related phonetic general (丬夕)將 jiāng | A121 酱[醬] | new-char 酱.	water		Compound 油 | from three-dot-water 氵 shuǐ and | phonetic sprout 由 yóu.	"[{""character"":""酱"",""dictionary"":{""character"":""酱"",""definition"":""sauce, paste, jam"",""pinyin"":[""jiàng""],""decomposition"":""⿱⿰丬夕酉"",""etymology"":{""type"":""pictophonetic"",""phonetic"":""丬"",""semantic"":""酉"",""hint"":""wine""},""radical"":""酉"",""matches"":[[0,0],[0,0],[0,0],[0,1],[0,1],[0,1],[1],[1],[1],[1],[1],[1],[1]]}},{""character"":""油"",""dictionary"":{""character"":""油"",""definition"":""oil, fat, grease, lard; oil paints"",""pinyin"":[""yóu""],""decomposition"":""⿰氵由"",""etymology"":{""type"":""pictophonetic"",""phonetic"":""由"",""semantic"":""氵"",""hint"":""water""},""radical"":""氵"",""matches"":[[0],[0],[0],[1],[1],[1],[1],[1]]}}]"
醋	13	cù	vinegar	醋	Aged 昔 wine 酉; wine gone sour		Compound 醋 | from container-jug 酉 yǒu and | phonetic dried-solstice-sacrifice 昔㫺𦠡 xī.				"[{""character"":""醋"",""dictionary"":{""character"":""醋"",""definition"":""vinegar; jealousy, envy"",""pinyin"":[""cù""],""decomposition"":""⿰酉昔"",""etymology"":{""type"":""ideographic"",""hint"":""Aged 昔 wine 酉; wine gone sour""},""radical"":""酉"",""matches"":[[0],[0],[0],[0],[0],[0],[0],[1],[1],[1],[1],[1],[1],[1],[1]]}}]"
辣椒油	14,32,42	làjiāoyóu	chili oil	辣椒油			Compound 辣 flip-variant 辢 | from chisel 辛 xīn and | sheaf 束 shù | C336 辣<辢> simp 辣.	tree		Compound 椒 | from tree 木 mù and | phonetic uncle-bean 叔 shū.	"[{""character"":""辣"",""dictionary"":{""character"":""辣"",""definition"":""pepper; hot, spicy; cruel"",""pinyin"":[""là""],""decomposition"":""⿰辛束"",""etymology"":{""type"":""pictophonetic"",""phonetic"":""束"",""semantic"":""辛"",""hint"":""bitter""},""radical"":""辛"",""matches"":[[0],[0],[0],[0],[0],[0],[0],[1],[1],[1],[1],[1],[1],[1]]}},{""character"":""椒"",""dictionary"":{""character"":""椒"",""definition"":""pepper, spice"",""pinyin"":[""jiāo""],""decomposition"":""⿰木叔"",""etymology"":{""type"":""pictophonetic"",""phonetic"":""叔"",""semantic"":""木"",""hint"":""tree""},""radical"":""木"",""matches"":[[0],[0],[0],[0],[1],[1],[1],[1],[1],[1],[1],[1]]}},{""character"":""油"",""dictionary"":{""character"":""油"",""definition"":""oil, fat, grease, lard; oil paints"",""pinyin"":[""yóu""],""decomposition"":""⿰氵由"",""etymology"":{""type"":""pictophonetic"",""phonetic"":""由"",""semantic"":""氵"",""hint"":""water""},""radical"":""氵"",""matches"":[[0],[0],[0],[1],[1],[1],[1],[1]]}}]"
芝麻酱	15,33,43	zhīmayóu	sesame paste; sesame sauce	芝麻酱			Compound 芝 | from grass-top 艹艸 cǎo and | phonetic foot-moving 之㞢𡳿 zhī.	Hemp plants 林 growing in a greenhouse 广	a scythe 厂 cutting flax 𣏟	Compound 麻 | from (rem- 广 guǎng-yǎn) from | (rem+ 厂 hǎn-àn a-scythe) and | (rem- 林 lín depends on font) from | hemp-flax 𣏟𣑼 pài | C387 麻<蔴> simp 麻.. | (name- hemp-flax 麻 má)	"[{""character"":""芝"",""dictionary"":{""character"":""芝"",""definition"":""sesame; a magical mushroom"",""pinyin"":[""zhī""],""decomposition"":""⿱艹之"",""etymology"":{""type"":""pictophonetic"",""phonetic"":""之"",""semantic"":""艹"",""hint"":""plant""},""radical"":""艹"",""matches"":[[0],[0],[0],[1],[1],[1]]}},{""character"":""麻"",""dictionary"":{""character"":""麻"",""definition"":""hemp, flax, sesame; numb"",""pinyin"":[""má""],""decomposition"":""⿸广林"",""etymology"":{""type"":""ideographic"",""hint"":""Hemp plants 林 growing in a greenhouse 广""},""radical"":""麻"",""matches"":[[0],[0],[0],[1],[1],[1],[1],[1],[1],[1],[1]]}},{""character"":""酱"",""dictionary"":{""character"":""酱"",""definition"":""sauce, paste, jam"",""pinyin"":[""jiàng""],""decomposition"":""⿱⿰丬夕酉"",""etymology"":{""type"":""pictophonetic"",""phonetic"":""丬"",""semantic"":""酉"",""hint"":""wine""},""radical"":""酉"",""matches"":[[0,0],[0,0],[0,0],[0,1],[0,1],[0,1],[1],[1],[1],[1],[1],[1],[1]]}}]"
芥末	16,34	jièmo	mustard; wasabi	芥末			Compound 芥 | from grass-top 艹艸 cǎo and | phonetic person-separation 介 jiè.	The top 一 of a tree 木	top branches of a tree 木indicating the end	Component 末 | from tree 木 mù and | (rem+ 一 yī top-branches) | (not- 未 wèi). | (name- tree-top-branch 末 mò)	"[{""character"":""芥"",""dictionary"":{""character"":""芥"",""definition"":""mustard, broccoli"",""pinyin"":[""jiè""],""decomposition"":""⿱艹介"",""etymology"":{""type"":""pictophonetic"",""phonetic"":""介"",""semantic"":""艹"",""hint"":""plant""},""radical"":""艹"",""matches"":[[0],[0],[0],[1],[1],[1],[1]]}},{""character"":""末"",""dictionary"":{""character"":""末"",""definition"":""end, final, last; insignificant"",""pinyin"":[""mò""],""decomposition"":""⿻木一"",""etymology"":{""type"":""ideographic"",""hint"":""The top 一 of a tree 木""},""radical"":""木"",""matches"":[[1],[0],[0],[0],[0]]}}]"
胡椒	17,35	hújiāo	pepper (black pepper)	胡椒			Compound 胡 | from (rem- 月 yuè) | from ribs ⺼肉 ròu and | phonetic mouth-old 古 gǔ | C227 胡<衚> A089 胡[鬍] simp 胡. | name- lake 胡 hú	tree		Compound 椒 | from tree 木 mù and | phonetic uncle-bean 叔 shū.	"[{""character"":""胡"",""dictionary"":{""character"":""胡"",""definition"":""recklessly, foolishly; wildly"",""pinyin"":[""hú""],""decomposition"":""⿰古⺼"",""etymology"":{""type"":""pictophonetic"",""phonetic"":""古"",""semantic"":""⺼"",""hint"":""meat""},""radical"":""⺼"",""matches"":[[0],[0],[0],[0],[0],[1],[1],[1],[1]]}},{""character"":""椒"",""dictionary"":{""character"":""椒"",""definition"":""pepper, spice"",""pinyin"":[""jiāo""],""decomposition"":""⿰木叔"",""etymology"":{""type"":""pictophonetic"",""phonetic"":""叔"",""semantic"":""木"",""hint"":""tree""},""radical"":""木"",""matches"":[[0],[0],[0],[0],[1],[1],[1],[1],[1],[1],[1],[1]]}}]"
味精	18,36	wèijīng	MSG; flavor enhancer	味精			Compound 味 | from mouth 口 kǒu and | phonetic tree-bud 未 wèi.	grain		Compound 精 | from rice 米 mǐ and | phonetic plant-green 青 qīng.	"[{""character"":""味"",""dictionary"":{""character"":""味"",""definition"":""taste; smell, odor; delicacy"",""pinyin"":[""wèi""],""decomposition"":""⿰口未"",""etymology"":{""type"":""pictophonetic"",""phonetic"":""未"",""semantic"":""口"",""hint"":""mouth""},""radical"":""口"",""matches"":[[0],[0],[0],[1],[1],[1],[1],[1]]}},{""character"":""精"",""dictionary"":{""character"":""精"",""definition"":""essence, germ, spirit"",""pinyin"":[""jīng""],""decomposition"":""⿰米青"",""etymology"":{""type"":""pictophonetic"",""phonetic"":""青"",""semantic"":""米"",""hint"":""grain""},""radical"":""米"",""matches"":[[0],[0],[0],[0],[0],[0],[1],[1],[1],[1],[1],[1],[1],[1]]}}]"
矿泉水	19,37,44	kuàngquánshuǐ	mineral water	矿泉水			Compound 礦 | from rock-chime 石 shí and | phonetic building (广)廣 guǎng | C328 饋<餽> simp 矿.	Water 水 flowing from a spring 白	a spring with water flowing out	Component 泉 | from (rem+ 白 bái the-spring-source) and | (rem+ water 水 shuǐ the-spring-water). | (name- water 泉 quán)	"[{""character"":""矿"",""dictionary"":{""character"":""矿"",""definition"":""mine; mineral, ore"",""pinyin"":[""kuàng""],""decomposition"":""⿰石广"",""etymology"":{""type"":""pictophonetic"",""phonetic"":""广"",""semantic"":""石"",""hint"":""mineral""},""radical"":""石"",""matches"":[[0],[0],[0],[0],[0],[1],[1],[1]]}},{""character"":""泉"",""dictionary"":{""character"":""泉"",""definition"":""spring, fountain; wealth, money"",""pinyin"":[""quán""],""decomposition"":""⿱白水"",""etymology"":{""type"":""ideographic"",""hint"":""Water 水 flowing from a spring 白""},""radical"":""水"",""matches"":[[0],[0],[0],[0],[0],[1],[1],[1],[1]]}},{""character"":""水"",""dictionary"":{""character"":""水"",""definition"":""water, liquid, lotion, juice"",""pinyin"":[""shuǐ""],""decomposition"":""⿻亅？"",""etymology"":{""type"":""pictographic"",""hint"":""A river running between two banks; compare 川""},""radical"":""水"",""matches"":[[0],null,null,null]}}]"
奶茶	20,38	nǎichá	milk tea; bubble tea	奶茶		乃 remnant of woman's breasts - see 孕 yùn pregnant	Compound 嬭 | from female 女 nǚ and | phonetic warping-wheel (尔)爾 ěr | C415 奶<嬭妳 nǎi> simp 奶 | C421 你<妳 nǐ> simp 你.	plant	original- 茶荼余	Compound 茶 | from mutant-of 荼 from | grass-top 艹艸 cǎo and | (rem- 朩 pìn) from | bitter-herb 余 yú and | (not- 佘 shé). | (name- tea-cha 茶 chá)	"[{""character"":""奶"",""dictionary"":{""character"":""奶"",""definition"":""milk; breasts; nurse, grandmother"",""pinyin"":[""nǎi""],""decomposition"":""⿰女乃"",""etymology"":{""type"":""pictophonetic"",""phonetic"":""乃"",""semantic"":""女"",""hint"":""woman""},""radical"":""女"",""matches"":[[0],[0],[0],[1],[1]]}},{""character"":""茶"",""dictionary"":{""character"":""茶"",""definition"":""tea; tea leaves; tea plant"",""pinyin"":[""chá""],""decomposition"":""⿱艹⿱人木"",""etymology"":{""type"":""pictophonetic"",""semantic"":""艹"",""hint"":""plant""},""radical"":""艹"",""matches"":[[0],[0],[0],[1,0],[1,0],[1,1],[1,1],[1,1],[1,1]]}}]"
红酒	21,39	hóngjiǔ	red wine	红酒			Compound 紅 | from single-thread (纟)糹 mì and | phonetic carrying-pole 工 gōng | simp 红.	A jar 酉 of wine 氵; 酉 also provides the pronunciation		Compound 酒 | from three-dot-water 氵 shuǐ and | container-jug 酉 yǒu.	"[{""character"":""红"",""dictionary"":{""character"":""红"",""definition"":""red, vermillion; to blush, to flush; popular"",""pinyin"":[""hóng""],""decomposition"":""⿰纟工"",""etymology"":{""type"":""pictophonetic"",""phonetic"":""工"",""semantic"":""纟"",""hint"":""silk""},""radical"":""纟"",""matches"":[[0],[0],[0],[1],[1],[1]]}},{""character"":""酒"",""dictionary"":{""character"":""酒"",""definition"":""wine, spirits, liquor, alcohol"",""pinyin"":[""jiǔ""],""decomposition"":""⿰氵酉"",""etymology"":{""type"":""ideographic"",""hint"":""A jar 酉 of wine 氵; 酉 also provides the pronunciation""},""radical"":""酉"",""matches"":[[0],[0],[0],[1],[1],[1],[1],[1],[1],[1]]}}]"
菜单	22,40	càidān	menu	菜单			Compound 菜 | from grass-top 艹艸 cǎo and | related phonetic hand-pick 采 cǎi and | (not- 釆 biàn).		probably a sling, 田 is the pocket and rock and lower line is path of rock | possibly a cicada, two big eyes and a body | original 单蝉單蟬 chán | some think it is a forked weapon of some kind	Component 單 | from (rem- 吅 xuān) | B022 单[單] new-char 单. | (name- sling (单)單 dān)	"[{""character"":""菜"",""dictionary"":{""character"":""菜"",""definition"":""vegetables; order, dish; food"",""pinyin"":[""cài""],""decomposition"":""⿱艹采"",""etymology"":{""type"":""pictophonetic"",""phonetic"":""采"",""semantic"":""艹"",""hint"":""plant""},""radical"":""艹"",""matches"":[[0],[0],[0],[1],[1],[1],[1],[1],[1],[1],[1]]}},{""character"":""单"",""dictionary"":{""character"":""单"",""definition"":""single, individual, only; lone"",""pinyin"":[""dān""],""decomposition"":""⿱丷？"",""radical"":""丷"",""matches"":[[0],[0],null,null,null,null,null,null]}}]"
