# Family & friends (set 02): extended kinship and less everyday terms.										
# Family & friends course: etymology_1/uncle_hanzi_1/uncle_decomp_1 = first character; etymology_2/uncle_hanzi_2/uncle_decomp_2 = second character (duplicate when both characters are the same).										
hanzi	rank	pinyin	english	example_word	etymology_1	uncle_hanzi_1	uncle_decomp_1	etymology_2	uncle_hanzi_2	uncle_decomp_2	dictionary_entries
外公	1,20	wàigōng	grandfather (mother's side)	外公	Night-time 夕 divinations 卜; the supernatural, the foreign	The sign 卜 the moon 夕 leaves the sun once a month.	Compound 外 | from moon 夕 xī and | bone-crack 卜 bo.	To divide 八 what is private 厶	㕣𠮦 cursive form of 公. | 𠮦 cursive form of 召. | agitated 怱悤 to 忩 to 总 zǒng.	Compound 公 | from separation 丷八 bā and | mouth 厶 sī	"[{""character"":""外"",""dictionary"":{""character"":""外"",""definition"":""out, outside, external; foreign; in addition"",""pinyin"":[""wài""],""decomposition"":""⿰夕卜"",""etymology"":{""type"":""ideographic"",""hint"":""Night-time 夕 divinations 卜; the supernatural, the foreign""},""radical"":""夕"",""matches"":[[0],[0],[0],[1],[1]]}},{""character"":""公"",""dictionary"":{""character"":""公"",""definition"":""fair, equitable; public; duke"",""pinyin"":[""gōng""],""decomposition"":""⿱八厶"",""etymology"":{""type"":""ideographic"",""hint"":""To divide 八 what is private 厶""},""radical"":""八"",""matches"":[[0],[0],[1],[1]]}}]"
外婆	2,21	wàipó	grandmother (mother's side)	外婆	Night-time 夕 divinations 卜; the supernatural, the foreign	The sign 卜 the moon 夕 leaves the sun once a month.	Compound 外 | from moon 夕 xī and | bone-crack 卜 bo.			Compound 婆 | from female 女 nǚ and | phonetic wave 波 bō.	"[{""character"":""外"",""dictionary"":{""character"":""外"",""definition"":""out, outside, external; foreign; in addition"",""pinyin"":[""wài""],""decomposition"":""⿰夕卜"",""etymology"":{""type"":""ideographic"",""hint"":""Night-time 夕 divinations 卜; the supernatural, the foreign""},""radical"":""夕"",""matches"":[[0],[0],[0],[1],[1]]}},{""character"":""婆"",""dictionary"":{""character"":""婆"",""definition"":""old woman; grandmother"",""pinyin"":[""pó""],""decomposition"":""⿱波女"",""etymology"":{""type"":""pictophonetic"",""phonetic"":""波"",""semantic"":""女"",""hint"":""woman""},""radical"":""女"",""matches"":[[0],[0],[0],[0],[0],[0],[0],[0],[1],[1],[1]]}}]"
叔叔	3,22	shūshu	uncle (father's younger brother)	叔叔	The smaller 小 brother	original 菽	Compound 叔 | from right-hand 又 yòu and | related phonetic plant-bean 尗 shú.	The smaller 小 brother	original 菽	Compound 叔 | from right-hand 又 yòu and | related phonetic plant-bean 尗 shú.	"[{""character"":""叔"",""dictionary"":{""character"":""叔"",""definition"":""uncle; father's younger brother"",""pinyin"":[""shū""],""decomposition"":""⿰⿱上小又"",""etymology"":{""type"":""ideographic"",""hint"":""The smaller 小 brother""},""radical"":""又"",""matches"":[[0,0],[0,0],[0,0],[0,1],[0,1],[0,1],[1],[1]]}},{""character"":""叔"",""dictionary"":{""character"":""叔"",""definition"":""uncle; father's younger brother"",""pinyin"":[""shū""],""decomposition"":""⿰⿱上小又"",""etymology"":{""type"":""ideographic"",""hint"":""The smaller 小 brother""},""radical"":""又"",""matches"":[[0,0],[0,0],[0,0],[0,1],[0,1],[0,1],[1],[1]]}}]"
阿姨	4,23	āyí	aunt; auntie (mother's sister; polite address)	阿姨			Compound 阿 | from left-wall 阝阜𨸏 fù and | phonetic chant 可 kě.			Compound 姨 | from female 女 nǚ and | phonetic person-bow 夷 yí.	"[{""character"":""阿"",""dictionary"":{""character"":""阿"",""definition"":""an initial particle, a prefix used for names; used in transliterations"",""pinyin"":[""ā""],""decomposition"":""⿰阝可"",""etymology"":{""type"":""pictophonetic"",""phonetic"":""可"",""semantic"":""阝"",""hint"":""place""},""radical"":""阝"",""matches"":[[0],[0],[1],[1],[1],[1],[1]]}},{""character"":""姨"",""dictionary"":{""character"":""姨"",""definition"":""aunt, mother's sister"",""pinyin"":[""yí""],""decomposition"":""⿰女夷"",""etymology"":{""type"":""pictophonetic"",""phonetic"":""夷"",""semantic"":""女"",""hint"":""woman""},""radical"":""女"",""matches"":[[0],[0],[0],[1],[1],[1],[1],[1],[1]]}}]"
舅舅	5,24	jiùjiu	uncle (mother's brother)	舅舅			Compound 舅 | from man-nan 男 nán and | phonetic mortar 臼 jiù.			Compound 舅 | from man-nan 男 nán and | phonetic mortar 臼 jiù.	"[{""character"":""舅"",""dictionary"":{""character"":""舅"",""definition"":""mother's brother, uncle"",""pinyin"":[""jiù""],""decomposition"":""⿱臼男"",""etymology"":{""type"":""pictophonetic"",""phonetic"":""臼"",""semantic"":""男"",""hint"":""man""},""radical"":""臼"",""matches"":[[0],[0],[0],[0],[0],[0],[1],[1],[1],[1],[1],[1],[1]]}},{""character"":""舅"",""dictionary"":{""character"":""舅"",""definition"":""mother's brother, uncle"",""pinyin"":[""jiù""],""decomposition"":""⿱臼男"",""etymology"":{""type"":""pictophonetic"",""phonetic"":""臼"",""semantic"":""男"",""hint"":""man""},""radical"":""臼"",""matches"":[[0],[0],[0],[0],[0],[0],[1],[1],[1],[1],[1],[1],[1]]}}]"
姑姑	6,25	gūgu	aunt (father's sister)	姑姑	An older 古 woman 女; 古 also provides the pronunciation		Compound 姑 | from female 女 nǚ and | phonetic mouth-old 古 gǔ.	An older 古 woman 女; 古 also provides the pronunciation		Compound 姑 | from female 女 nǚ and | phonetic mouth-old 古 gǔ.	"[{""character"":""姑"",""dictionary"":{""character"":""姑"",""definition"":""father's sister; husband's mother"",""pinyin"":[""gū""],""decomposition"":""⿰女古"",""etymology"":{""type"":""ideographic"",""hint"":""An older 古 woman 女; 古 also provides the pronunciation""},""radical"":""女"",""matches"":[[0],[0],[0],[1],[1],[1],[1],[1]]}},{""character"":""姑"",""dictionary"":{""character"":""姑"",""definition"":""father's sister; husband's mother"",""pinyin"":[""gū""],""decomposition"":""⿰女古"",""etymology"":{""type"":""ideographic"",""hint"":""An older 古 woman 女; 古 also provides the pronunciation""},""radical"":""女"",""matches"":[[0],[0],[0],[1],[1],[1],[1],[1]]}}]"
孙子	7,26	sūnzi	grandson	孙子	Simplified form of 孫; a chain 系 of descent 子	children did the spinning	Compound 孫 | from child 子 zi and | (rem- 小 xiǎo) from | thread-connection 系 xì | B104 孙[孫] new-char 孙. | name- grandchild (孙)孫 sūn	A child in a wrap, with outstretched arms but bundled legs	a baby with two arms | 地支 - 子丑寅卯辰巳午未申酉戌亥	Component 子 | (name- child 子 zi)	"[{""character"":""孙"",""dictionary"":{""character"":""孙"",""definition"":""grandchild, descendent; surname"",""pinyin"":[""sūn""],""decomposition"":""⿰子小"",""etymology"":{""type"":""ideographic"",""hint"":""Simplified form of 孫; a chain 系 of descent 子""},""radical"":""子"",""matches"":[[0],[0],[0],[1],[1],[1]]}},{""character"":""子"",""dictionary"":{""character"":""子"",""definition"":""child; seed, egg; fruit; small thing"",""pinyin"":[""zi""],""decomposition"":""⿻了一"",""etymology"":{""type"":""pictographic"",""hint"":""A child in a wrap, with outstretched arms but bundled legs""},""radical"":""子"",""matches"":[[0],[0],[1]]}}]"
孙女	8,27	sūnnǚ	granddaughter	孙女	Simplified form of 孫; a chain 系 of descent 子	children did the spinning	Compound 孫 | from child 子 zi and | (rem- 小 xiǎo) from | thread-connection 系 xì | B104 孙[孫] new-char 孙. | name- grandchild (孙)孫 sūn	A woman turned to the side	a woman's breasts | some think it is a woman's hands	Component 女 | (name- female 女 nǚ)	"[{""character"":""孙"",""dictionary"":{""character"":""孙"",""definition"":""grandchild, descendent; surname"",""pinyin"":[""sūn""],""decomposition"":""⿰子小"",""etymology"":{""type"":""ideographic"",""hint"":""Simplified form of 孫; a chain 系 of descent 子""},""radical"":""子"",""matches"":[[0],[0],[0],[1],[1],[1]]}},{""character"":""女"",""dictionary"":{""character"":""女"",""definition"":""woman, girl; female"",""pinyin"":[""nǚ""],""decomposition"":""？"",""etymology"":{""type"":""pictographic"",""hint"":""A woman turned to the side""},""radical"":""女"",""matches"":[null,null,null]}}]"
丈夫	9,28	zhàngfu	husband	丈夫		丈 zhàng - span of ten hands | 丈 from 又 + 十 = 支 zhàng | 支 zhī hand holding a branch | 支 from 又 + 个 branch | 支 zhī earlier form like 𠦙𣏃 | 支 zhī originally a 个 shaped branch not a 十	Component 丈 older 支 zhàng | from number-ten 十 shí and | right-hand 又 yòu and | (not- 支 zhī) | (name- ten-hands 丈 zhàng)	A man 大 wearing a coming-of-age hairpin 一	man with top bun tied on top of head	Component 夫 | from person-big 大 dà and | (rem+ 一 yī man-bun). | (name- person-husband 夫 fu)	"[{""character"":""丈"",""dictionary"":{""character"":""丈"",""definition"":""gentleman, man, husband; unit of length equal to 3.3 meters"",""pinyin"":[""zhàng""],""decomposition"":""⿻一又"",""radical"":""一"",""matches"":[[0],[1],[1]]}},{""character"":""夫"",""dictionary"":{""character"":""夫"",""definition"":""man, husband; worker; those"",""pinyin"":[""fū""],""decomposition"":""⿻一大"",""etymology"":{""type"":""ideographic"",""hint"":""A man 大 wearing a coming-of-age hairpin 一""},""radical"":""大"",""matches"":[[0],[1],[1],[1]]}}]"
妻子	10,29	qīzi	wife	妻子	A woman 女 holding a broom 十 in her hand 彐	a woman primping her hair with her hand	Component 妻 | from female 女 nǚ and | square-hand ⺕ yòu and | (rem+ 屮 chè hair). | (name- woman 妻 qī)	A child in a wrap, with outstretched arms but bundled legs	a baby with two arms | 地支 - 子丑寅卯辰巳午未申酉戌亥	Component 子 | (name- child 子 zi)	"[{""character"":""妻"",""dictionary"":{""character"":""妻"",""definition"":""wife"",""pinyin"":[""qī""],""decomposition"":""⿱⿻十彐女"",""etymology"":{""type"":""ideographic"",""hint"":""A woman 女 holding a broom 十 in her hand 彐""},""radical"":""女"",""matches"":[[0,0],[0,1],[0,1],[0,1],[0,0],[1],[1],[1]]}},{""character"":""子"",""dictionary"":{""character"":""子"",""definition"":""child; seed, egg; fruit; small thing"",""pinyin"":[""zi""],""decomposition"":""⿻了一"",""etymology"":{""type"":""pictographic"",""hint"":""A child in a wrap, with outstretched arms but bundled legs""},""radical"":""子"",""matches"":[[0],[0],[1]]}}]"
老公	11,30	lǎogōng	husband (informal)	老公	A person bent over with long hair 匕 and a crutch; compare 耂	an old man with long hair-lao 耂 leaning on a cane 匕	Component 老 | from old-man-remnant 耂 lǎo and | (rem+ 匕 bǐ a-cane). | (name- person-old 老 lǎo)	To divide 八 what is private 厶	㕣𠮦 cursive form of 公. | 𠮦 cursive form of 召. | agitated 怱悤 to 忩 to 总 zǒng.	Compound 公 | from separation 丷八 bā and | mouth 厶 sī	"[{""character"":""老"",""dictionary"":{""character"":""老"",""definition"":""old, aged; experienced"",""pinyin"":[""lǎo""],""decomposition"":""⿱耂匕"",""etymology"":{""type"":""pictographic"",""hint"":""A person bent over with long hair 匕 and a crutch; compare 耂""},""radical"":""老"",""matches"":[[0],[0],[0],[0],[1],[1]]}},{""character"":""公"",""dictionary"":{""character"":""公"",""definition"":""fair, equitable; public; duke"",""pinyin"":[""gōng""],""decomposition"":""⿱八厶"",""etymology"":{""type"":""ideographic"",""hint"":""To divide 八 what is private 厶""},""radical"":""八"",""matches"":[[0],[0],[1],[1]]}}]"
老婆	12,31	lǎopó	wife (informal)	老婆	A person bent over with long hair 匕 and a crutch; compare 耂	an old man with long hair-lao 耂 leaning on a cane 匕	Component 老 | from old-man-remnant 耂 lǎo and | (rem+ 匕 bǐ a-cane). | (name- person-old 老 lǎo)			Compound 婆 | from female 女 nǚ and | phonetic wave 波 bō.	"[{""character"":""老"",""dictionary"":{""character"":""老"",""definition"":""old, aged; experienced"",""pinyin"":[""lǎo""],""decomposition"":""⿱耂匕"",""etymology"":{""type"":""pictographic"",""hint"":""A person bent over with long hair 匕 and a crutch; compare 耂""},""radical"":""老"",""matches"":[[0],[0],[0],[0],[1],[1]]}},{""character"":""婆"",""dictionary"":{""character"":""婆"",""definition"":""old woman; grandmother"",""pinyin"":[""pó""],""decomposition"":""⿱波女"",""etymology"":{""type"":""pictophonetic"",""phonetic"":""波"",""semantic"":""女"",""hint"":""woman""},""radical"":""女"",""matches"":[[0],[0],[0],[0],[0],[0],[0],[0],[1],[1],[1]]}}]"
亲人	13,32	qīnrén	relative; loved one	亲人	A tree 木 bearing fruit 立	people who are frequently seen 見	Compound 親 older 𧡿 | from person-eye-see (见)見 jiàn and | phonetic hazelnut 亲𣐽𣓀 jiàn | B090 亲[親] new-char 亲. | name- parents (亲)親𧡿 qīn	The legs of a human being		Component 人 亻 | from (not- 八 bā) and | (not- 入 rù). | (name- person 人 rén) | (name- person-left 亻 rén)	"[{""character"":""亲"",""dictionary"":{""character"":""亲"",""definition"":""relatives, parents; intimate; the hazelnut tree"",""pinyin"":[""qīn""],""decomposition"":""⿱立⿻一小"",""etymology"":{""type"":""ideographic"",""hint"":""A tree 木 bearing fruit 立""},""radical"":""立"",""matches"":[[0],[0],[0],[0],[0],[1,0],[1,1],[1,1],[1,1]]}},{""character"":""人"",""dictionary"":{""character"":""人"",""definition"":""man, person; people"",""pinyin"":[""rén""],""decomposition"":""？"",""etymology"":{""type"":""pictographic"",""hint"":""The legs of a human being""},""radical"":""人"",""matches"":[null,null]}}]"
爱人	14,33	àiren	spouse; darling	爱人	To bring a friend 友 into one's house 冖	The heart 心 when it sees a girl 兂 with pins in her hair.	Component 愛 older 𢙴 older 㤅 | from (rem- 爫 zhuǎ)(rem- 冖 mì) and | (rem- 友 you)(rem- 旡 jì) from | person-hair-pins 兂 zān and | from heart 心 xīn and | bottom-foot 夂夊 zhǐ-suī (deleted) | B001 爱[愛] new-char 爱 | love (爱)愛 aì.	The legs of a human being		Component 人 亻 | from (not- 八 bā) and | (not- 入 rù). | (name- person 人 rén) | (name- person-left 亻 rén)	"[{""character"":""爱"",""dictionary"":{""character"":""爱"",""definition"":""to love, to like, to be fond of; love, affection"",""pinyin"":[""ài""],""decomposition"":""⿱⿱爫冖友"",""etymology"":{""type"":""ideographic"",""hint"":""To bring a friend 友 into one's house 冖""},""radical"":""爫"",""matches"":[[0,0],[0,0],[0,0],[0,0],[0,1],[0,1],[1],[1],[1],[1]]}},{""character"":""人"",""dictionary"":{""character"":""人"",""definition"":""man, person; people"",""pinyin"":[""rén""],""decomposition"":""？"",""etymology"":{""type"":""pictographic"",""hint"":""The legs of a human being""},""radical"":""人"",""matches"":[null,null]}}]"
兄弟	15,34	xiōngdì	brothers; brotherhood	兄弟	Older brother 儿 speaking 口 to younger ones	the one who does the talking	Component 兄 | from person 儿 ér and | mouth 口 kǒu and | (not- 只 zhǐ). | (name- person-older-brother 兄 xiōng)		a string wrapped around a bobbin | probably something the young boys did, spinning	Component 弟 | (name- bobbin 弟 dì)	"[{""character"":""兄"",""dictionary"":{""character"":""兄"",""definition"":""elder brother"",""pinyin"":[""xiōng""],""decomposition"":""⿱口儿"",""etymology"":{""type"":""ideographic"",""hint"":""Older brother 儿 speaking 口 to younger ones""},""radical"":""儿"",""matches"":[[0],[0],[0],[1],[1]]}},{""character"":""弟"",""dictionary"":{""character"":""弟"",""definition"":""young brother, junior"",""pinyin"":[""dì""],""decomposition"":""⿱丷⿻弓？"",""radical"":""弓"",""matches"":[[0],[0],[1,0],[1,0],[1,0],null,null]}}]"
姐妹	16,35	jiěmèi	sisters	姐妹			Compound 姐 | from female 女 nǚ and | phonetic altar 且 qiě-jū.			Compound 妹 | from female 女 nǚ and | related phonetic tree-bud 未 wèi.	"[{""character"":""姐"",""dictionary"":{""character"":""姐"",""definition"":""elder sister; miss, young lady"",""pinyin"":[""jiě""],""decomposition"":""⿰女且"",""etymology"":{""type"":""pictophonetic"",""phonetic"":""且"",""semantic"":""女"",""hint"":""woman""},""radical"":""女"",""matches"":[[0],[0],[0],[1],[1],[1],[1],[1]]}},{""character"":""妹"",""dictionary"":{""character"":""妹"",""definition"":""younger sister"",""pinyin"":[""mèi""],""decomposition"":""⿰女未"",""etymology"":{""type"":""pictophonetic"",""phonetic"":""未"",""semantic"":""女"",""hint"":""woman""},""radical"":""女"",""matches"":[[0],[0],[0],[1],[1],[1],[1],[1]]}}]"
亲戚	17,36	qīnqi	relative; relatives	亲戚	A tree 木 bearing fruit 立	people who are frequently seen 見	Compound 親 older 𧡿 | from person-eye-see (见)見 jiàn and | phonetic hazelnut 亲𣐽𣓀 jiàn | B090 亲[親] new-char 亲. | name- parents (亲)親𧡿 qīn	A younger brother 尗 killed in a war 戈		Component 戚 | from weapon 戊 wù and | plant-bean 尗 shú | C450 戚<慼慽> simp 戚. | name- cut-beans 戚 qi	"[{""character"":""亲"",""dictionary"":{""character"":""亲"",""definition"":""relatives, parents; intimate; the hazelnut tree"",""pinyin"":[""qīn""],""decomposition"":""⿱立⿻一小"",""etymology"":{""type"":""ideographic"",""hint"":""A tree 木 bearing fruit 立""},""radical"":""立"",""matches"":[[0],[0],[0],[0],[0],[1,0],[1,1],[1,1],[1,1]]}},{""character"":""戚"",""dictionary"":{""character"":""戚"",""definition"":""ashamed, grieving; related to; relative"",""pinyin"":[""qī""],""decomposition"":""⿵戊尗"",""etymology"":{""type"":""ideographic"",""hint"":""A younger brother 尗 killed in a war 戈""},""radical"":""戈"",""matches"":[[0],[0],[1],[1],[1],[1],[1],[1],[0],[0],[0]]}}]"
邻居	18,37	línjū	neighbor	邻居			Compound 鄰 flip-variant 隣 | from right-city 阝邑 yì and | phonetic phosphorus 粦㷠 lín | substitute phonetic give-orders 令 lìng and | left-wall 阝阜𨸏 fù | C367 鄰<隣> A166 邻[鄰] new-char 邻.		"古 from upside-down baby 子 being born of a squatting woman 尸. | The place you were born came to mean your ""address"")"	Component 居 | from person-squatting 尸 shī and | (rem- 古 gǔ).	"[{""character"":""邻"",""dictionary"":{""character"":""邻"",""definition"":""neighbor; neighborhood"",""pinyin"":[""lín""],""decomposition"":""⿰令阝"",""etymology"":{""type"":""pictophonetic"",""phonetic"":""令"",""semantic"":""阝"",""hint"":""town""},""radical"":""阝"",""matches"":[[0],[0],[0],[0],[0],[1],[1]]}},{""character"":""居"",""dictionary"":{""character"":""居"",""definition"":""to live, to reside; to dwell; to sit"",""pinyin"":[""jū""],""decomposition"":""⿸户古"",""etymology"":{""type"":""pictophonetic"",""phonetic"":""古"",""semantic"":""户"",""hint"":""door""},""radical"":""户"",""matches"":[[0],[0],[0],[1],[1],[1],[1],[1]]}}]"
表哥	19,38	biǎogē	older male cousin (mother's side)	表哥	Fur 毛 clothing 衣; a shawl or wrap	fir, or the outer surface covering indicating surface	Component 表 older 𧘝 | from cloths 衣 yī and | bird-feather 毛 máo | A013 表[錶] | simp 表. | (name- fir-cloths (表)𧘝 biǎo)	One person talking 可 over another 可		Compound 哥 | from two phonetic chant 可 kě.	"[{""character"":""表"",""dictionary"":{""character"":""表"",""definition"":""to show, to express, to display; outside, appearance; a watch"",""pinyin"":[""biǎo""],""decomposition"":""⿱毛衣"",""etymology"":{""type"":""ideographic"",""hint"":""Fur 毛 clothing 衣; a shawl or wrap""},""radical"":""衣"",""matches"":[[0],[0],[0],[1],[1],[1],[1],[1]]}},{""character"":""哥"",""dictionary"":{""character"":""哥"",""definition"":""elder brother"",""pinyin"":[""gē""],""decomposition"":""⿱可可"",""etymology"":{""type"":""ideographic"",""hint"":""One person talking 可 over another 可""},""radical"":""口"",""matches"":[[0],[0],[0],[0],[0],[1],[1],[1],[1],[1]]}}]"
