# Combined pool of pictographs_01..06, ordered fun→boring, then split into courses.
# tier A=fun pictograph … D=uncertain/obscure. fun_rank 1=most fun.
# course = redistributed target file. source = original file before reorder.
# Duplicate 肉: kept pictographs_02 row only.
# Unified course: hanzi, pinyin, english, example_word, etymology, uncle_hanzi, uncle_decomp, dictionary_entries
hanzi	rank	pinyin	english	example_word	etymology	uncle_hanzi	uncle_decomp	dictionary_entries	source	tier	fun_rank	course
人	1	rén	man, person; people	人们	The legs of a human being		Component 人 亻 | from (not- 八 bā) and | (not- 入 rù). | (name- person 人 rén) | (name- person-left 亻 rén)	[{"character":"人","dictionary":{"character":"人","definition":"man, person; people","pinyin":["rén"],"decomposition":"？","etymology":{"type":"pictographic","hint":"The legs of a human being"},"radical":"人","matches":[null,null]}}]	pictographs_01	A	1	pictographs_01
口	2	kǒu	mouth; entrance, gate, opening	入口	An open mouth		Component 口 older 𠙵 | (name- mouth 口 kǒu)	[{"character":"口","dictionary":{"character":"口","definition":"mouth; entrance, gate, opening","pinyin":["kǒu"],"decomposition":"⿱冂一","etymology":{"type":"pictographic","hint":"An open mouth"},"radical":"口","matches":[[0],[0],[1]]}}]	pictographs_01	A	2	pictographs_01
手	3	shǒu	hand	手机	A hand with the fingers splayed		Component 手 context 扌 mutant 𠂿𡴤 | name- hand 手 shǒu	[{"character":"手","dictionary":{"character":"手","definition":"hand","pinyin":["shǒu"],"decomposition":"？","etymology":{"type":"pictographic","hint":"A hand with the fingers splayed"},"radical":"手","matches":[null,null,null,null]}}]	pictographs_01	A	3	pictographs_01
女	4	nǚ	woman, girl; female	女儿	A woman turned to the side		Component 女 | (name- female 女 nǚ)	[{"character":"女","dictionary":{"character":"女","definition":"woman, girl; female","pinyin":["nǚ"],"decomposition":"？","etymology":{"type":"pictographic","hint":"A woman turned to the side"},"radical":"女","matches":[null,null,null]}}]	pictographs_01	A	4	pictographs_01
目	5	mù	eye; to look, to see; division, topic	节目	An eye drawn on its side		Component 目 | (name- eye 目 mù)	[{"character":"目","dictionary":{"character":"目","definition":"eye; to look, to see; division, topic","pinyin":["mù"],"decomposition":"⿴口二","etymology":{"type":"pictographic","hint":"An eye drawn on its side"},"radical":"目","matches":[[0],[0],[1],[1],[0]]}}]	pictographs_01	A	5	pictographs_01
月	6	yuè	moon	一月	A crescent moon	moon 月 in 朔期明望 | 肉 in 肚背龍有散胜然+200+ | 舟 in 勝朝朕服俞 | 貝 in 朋 | 井 in 青 | 冃 in 胄 | phonetic in 塍	Component 月 | name- moon 月 yuè	[{"character":"月","dictionary":{"character":"月","definition":"moon; month","pinyin":["yuè"],"decomposition":"⿵冂二","etymology":{"type":"pictographic","hint":"A crescent moon"},"radical":"月","matches":[[0],[0],[1],[1]]}}]	pictographs_01	A	6	pictographs_01
日	7	rì	sun	生日	The sun	the sun	Component 日 | (name- sun-day 日 rì)	[{"character":"日","dictionary":{"character":"日","definition":"sun; day; daytime","pinyin":["rì"],"decomposition":"⿴口一","etymology":{"type":"pictographic","hint":"The sun"},"radical":"日","matches":[[0],[0],[1],[0]]}}]	pictographs_01	A	7	pictographs_01
山	8	shān	mountain, hill, peak	爬山	Three mountain peaks	a mountain	Component 山 | (name- mountain 山 shān)	[{"character":"山","dictionary":{"character":"山","definition":"mountain, hill, peak","pinyin":["shān"],"decomposition":"⿶凵丨","etymology":{"type":"pictographic","hint":"Three mountain peaks"},"radical":"山","matches":[[1],[0],[0]]}}]	pictographs_02	A	8	pictographs_01
雨	9	yǔ	rain	雨伞	Rain drops falling from a cloud 帀	rain	Component 雨 | (name- rain 雨 yǔ)	[{"character":"雨","dictionary":{"character":"雨","definition":"rain","pinyin":["yǔ"],"decomposition":"⿻帀？","etymology":{"type":"pictographic","hint":"Rain drops falling from a cloud 帀"},"radical":"雨","matches":[[0],[0],[0],[0],null,null,null,null]}}]	pictographs_02	A	9	pictographs_01
火	10	huǒ	fire	火		a fire | context 灬	Component 火 | (name- fire 火 huǒ)	[{"character":"火","dictionary":{"character":"火","definition":"fire, flame; to burn; anger, rage","pinyin":["huǒ"],"decomposition":"⿻丷人","etymology":{"type":"pictographic","hint":"Flames"},"radical":"火","matches":[[0],[0],[1],[1]]}}]	pictographs_03	A	10	pictographs_01
大	11	dà	big	大家	A man 人 with outstretched arms	man modified 㚒奭爽㚒夫夰黃 | 去厺㚎 天 吳吴 奚央 | 奐奂 夲美夭夷 赤灻𤆍 矩) | man 奎奈𡘹奄奈奔夸契奬𡙏奘驮耎奕 | hands 奧樊奠𡚁 | big 奩奓奞 奪夺 奋奮 耷奢𢧤奀尖尜夯 | phonetic 达杕 | cover 盇 | other 羍輋莫类犬夼套	Component 大 variant 亣 | (name- person-big 大 dà)	[{"character":"大","dictionary":{"character":"大","definition":"big, great, vast, high, deep","pinyin":["dà"],"decomposition":"⿻一人","etymology":{"type":"pictographic","hint":"A man 人 with outstretched arms"},"radical":"大","matches":[[0],[1],[1]]}}]	pictographs_01	A	11	pictographs_02
木	12	mù	tree	木		a tree, with branches at top and roots at bottom - wood	Component 木 | from (not- 朩 pin). | name- tree 木 mù	[{"character":"木","dictionary":{"character":"木","definition":"tree; wood, lumber; wooden","pinyin":["mù"],"decomposition":"⿻十八","etymology":{"type":"pictographic","hint":"A tree"},"radical":"木","matches":[[0],[0],[1],[1]]}}]	pictographs_03	A	12	pictographs_02
水	13	shuǐ	water	水	A river running between two banks; compare 川	water	Component two-dot-ice 冫 bīng | (name- water 水 shuǐ)	[{"character":"水","dictionary":{"character":"水","definition":"water, liquid, lotion, juice","pinyin":["shuǐ"],"decomposition":"⿻亅？","etymology":{"type":"pictographic","hint":"A river running between two banks; compare 川"},"radical":"水","matches":[[0],null,null,null]}}]	pictographs_03	A	13	pictographs_02
牛	14	niú	cow, bull	牛奶		a cows' head, horns and ears	Component 牛牜 | (name- cow 牜牛 niú)	[{"character":"牛","dictionary":{"character":"牛","definition":"ox, cow, bull","pinyin":["niú"],"decomposition":"？","etymology":{"type":"pictographic","hint":"An ox's horned head"},"radical":"牛","matches":[null,null,null,null]}}]	pictographs_03	A	14	pictographs_02
马	15	mǎ	horse; surname	马上	Simplified form of 馬, a horse galloping to the left	a horse	Component 馬 | B073 马[馬] | new-char 马. | (name- horse (马)馬 mǎ)	[{"character":"马","dictionary":{"character":"马","definition":"horse; surname","pinyin":["mǎ"],"decomposition":"⿹？一","etymology":{"type":"pictographic","hint":"Simplified form of 馬, a horse galloping to the left"},"radical":"马","matches":[null,null,[1]]}}]	pictographs_03	A	15	pictographs_02
鱼	16	yú	fish	鱼	A fish swimming upwards	a fish	Component 魚 | from (rem+ ⺈ mouth)(rem+ 田 body) and | (rem+ 一 yī tail)(rem+ 灬 huǒ tail) | B126 鱼[魚] | new-char 鱼. | (name- fish (鱼)魚 yú)	[{"character":"鱼","dictionary":{"character":"鱼","definition":"fish","pinyin":["yú"],"decomposition":"⿱⿱⺈田一","etymology":{"type":"pictographic","hint":"A fish swimming upwards"},"radical":"鱼","matches":[[0,0],[0,0],[0,1],[0,1],[0,1],[0,1],[0,1],[1]]}}]	pictographs_03	A	16	pictographs_02
兔	17	tù	rabbit, hare	兔子	A rabbit	a rabbit	Component 兔 variants 兎"兔" | from (not- 免 miǎn) | C579 兔<兎"兔"> 1965 was 兎. | (name- rabbit 兔 tù)	[{"character":"兔","dictionary":{"character":"兔","definition":"rabbit, hare","pinyin":["tù"],"decomposition":"⿸免丶","etymology":{"type":"pictographic","hint":"A rabbit"},"radical":"儿","matches":[[0],[0],[0],[0],[0],[0],[0],[1]]}}]	pictographs_03	A	17	pictographs_02
鸟	18	niǎo	bird	鸟	Simplified form of 烏, a bird	a bird	Component 鳥 | B080 鸟[鳥] new-char 鸟. | (name- bird (鸟)鳥 niǎo)	[{"character":"鸟","dictionary":{"character":"鸟","definition":"bird","pinyin":["niǎo"],"decomposition":"？","etymology":{"type":"pictographic","hint":"Simplified form of 烏, a bird"},"radical":"鸟","matches":[null,null,null,null,null]}}]	pictographs_06	A	18	pictographs_02
乌	19	wū	crow, rook, raven; black, dark	乌	Simplified form of 烏; a crow; compare 鸟	乌烏 crow with no eye, because the bird is black	Component 烏 | B109 乌[烏] new-char 乌. | (name- bird-crow (乌)烏 wū)	[{"character":"乌","dictionary":{"character":"乌","definition":"crow, rook, raven; black, dark","pinyin":["wū"],"decomposition":"⿱丿？","etymology":{"type":"pictographic","hint":"Simplified form of 烏; a crow; compare 鸟"},"radical":"丿","matches":[[0],null,null,null]}}]	pictographs_06	A	19	pictographs_02
龙	20	lóng	dragon; symbol of the emperor	龙	A dragon	animal snake with inverted 王 on its head | cursive left side 丿 remnant 匕 	Component 龍 | from (rem- ⺝月 yuè) from | ribs 肉 ròu and | (rem+ 立 upside-down-王) | B064 龙[龍] new-char 龙. | (name- snake-dragon (龙)龍 lóng)	[{"character":"龙","dictionary":{"character":"龙","definition":"dragon; symbol of the emperor","pinyin":["lóng"],"decomposition":"⿻尤丿","etymology":{"type":"pictographic","hint":"A dragon"},"radical":"龙","matches":[[0],[0],[0],[1],[0]]}}]	pictographs_05	A	20	pictographs_02
车	21	chē	cart, vehicle; to move in a cart	火车	Simplified form of 車, a cart with two wheels, seen from above	two wheeled cart	Component 車 | B014 车[車] | new-char 车 | (name- cart (车)車 chē)	[{"character":"车","dictionary":{"character":"车","definition":"cart, vehicle; to move in a cart","pinyin":["chē"],"decomposition":"⿻七十","etymology":{"type":"pictographic","hint":"Simplified form of 車, a cart with two wheels, seen from above"},"radical":"车","matches":[[0],[0],[1],[1]]}}]	pictographs_04	A	21	pictographs_02
门	22	mén	gate, door, entrance, opening	门票	An open doorway or gate	a gate | from 門 | from 鬥 in 鬧	Component 門 mutant 𨳇 | B077 门[門] | new-char 门. | (name- gate (门)門 mén)	[{"character":"门","dictionary":{"character":"门","definition":"gate, door, entrance, opening","pinyin":["mén"],"decomposition":"⿰⿱丶丨？","etymology":{"type":"pictographic","hint":"An open doorway or gate"},"radical":"门","matches":[[0,0],[0,1],null]}}]	pictographs_04	A	22	pictographs_02
心	23	xīn	heart; mind; soul	小心	A heart	the human torso showing breasts, stomach and navel, now meaning heart | in context usually seen as 忄sometimes as 㣺	Component 忄㣺心 | (name- heart 忄 xīn) | (name- heart 心 xīn) | (name- heart-variant 㣺 xīn)	[{"character":"心","dictionary":{"character":"心","definition":"heart; mind; soul","pinyin":["xīn"],"decomposition":"？","etymology":{"type":"pictographic","hint":"A heart"},"radical":"心","matches":[null,null,null,null]}}]	pictographs_03	A	23	pictographs_02
耳	24	ěr	ear; to hear, to hear of; handle	耳机	An ear	an ear	Component 耳 | (name- ear 耳 ěr)	[{"character":"耳","dictionary":{"character":"耳","definition":"ear; to hear, to hear of; handle","pinyin":["ěr"],"decomposition":"⿻？二","etymology":{"type":"pictographic","hint":"An ear"},"radical":"耳","matches":[[1],null,null,null,null,[1]]}}]	pictographs_03	A	24	pictographs_02
足	25	zú	foot; to attain, to satisfy; enough	足球		pictograph of the foot and leg	Component 足 | from (rem+ 口 kǒu the-leg) and | foot-forward 龰止 zhǐ. | (name- foot-leg 𧾷足 zú)	[{"character":"足","dictionary":{"character":"足","definition":"foot; to attain, to satisfy; enough","pinyin":["zú"],"decomposition":"⿱口？","etymology":{"type":"pictographic","hint":"The leg 口 above the foot"},"radical":"足","matches":[[0],[0],[0],null,null,null,null]}}]	pictographs_03	A	25	pictographs_03
飞	26	fēi	to fly, to dart; high	飞盘		a flying bird with long neck and big wings	Component 飛 | A062 飞[飛] | new-char 飞 | (name- flying-bird (飞)飛 fēi)	[{"character":"飞","dictionary":{"character":"飞","definition":"to fly, to dart; high","pinyin":["fēi"],"decomposition":"⿻？？","etymology":{"type":"pictographic","hint":"A bird flapping its wings"},"radical":"飞","matches":[null,null,null]}}]	pictographs_03	A	26	pictographs_03
衣	27	yī	cloth; clothes, apparel; dress, coat	衣服	A woman's dress		Component 衣 | (name- cloths 衣 yī)	[{"character":"衣","dictionary":{"character":"衣","definition":"cloth; clothes, apparel; dress, coat","pinyin":["yī"],"decomposition":"⿱亠？","etymology":{"type":"pictographic","hint":"A woman's dress"},"radical":"衣","matches":[[0],[0],null,null,null,null]}}]	pictographs_02	A	27	pictographs_03
网	28	wǎng	net; network	网球	A net for catching fish	net 网 | ⺳ in 罕 | 罒 in 羅 | 𦉸 in 網 | original 网網	Component 网 | A255 网[網] simp 网. | (name- net (网)網 wǎng)	[{"character":"网","dictionary":{"character":"网","definition":"net; network","pinyin":["wǎng"],"decomposition":"⿵冂⿰乂乂","etymology":{"type":"pictographic","hint":"A net for catching fish"},"radical":"网","matches":[[0],[0],[1,0],[1,0],[1,1],[1,1]]}}]	pictographs_02	A	28	pictographs_03
瓜	29	guā	melon, gourd, squash, cucumber	西瓜	Vines growing with a melon at their base	the vines and a melon	Component 瓜 | (name- plant-melon 瓜 guā)	[{"character":"瓜","dictionary":{"character":"瓜","definition":"melon, gourd, squash, cucumber","pinyin":["guā"],"decomposition":"⿵？厶","etymology":{"type":"pictographic","hint":"Vines growing with a melon at their base"},"radical":"瓜","matches":[null,null,[1],[1],null]}}]	pictographs_02	A	29	pictographs_03
贝	30	bèi	sea shell; money, currency	贝	A sea shell, once used as currency	a cowry shell	Component 貝 | B004 贝[貝] new-char 贝. | (name- cowry (贝)貝 bèi)	[{"character":"贝","dictionary":{"character":"贝","definition":"sea shell; money, currency","pinyin":["bèi"],"decomposition":"⿵冂人","etymology":{"type":"pictographic","hint":"A sea shell, once used as currency"},"radical":"贝","matches":[[0],[0],[1],[1]]}}]	pictographs_05	A	30	pictographs_03
子	31	zi	child; seed, egg; fruit; small thing	儿子	A child in a wrap, with outstretched arms but bundled legs		Component 子 | (name- child 子 zi)	[{"character":"子","dictionary":{"character":"子","definition":"child; seed, egg; fruit; small thing","pinyin":["zi"],"decomposition":"⿻了一","etymology":{"type":"pictographic","hint":"A child in a wrap, with outstretched arms but bundled legs"},"radical":"子","matches":[[0],[0],[1]]}}]	pictographs_01	A	31	pictographs_03
鬼	32	guǐ	ghost; demon; sly, mischievous	鬼	A ghost with a scary face	animal with an ugly head and a tail	Component 鬼 | (name- ghost 鬼 guǐ)	[{"character":"鬼","dictionary":{"character":"鬼","definition":"ghost; demon; sly, mischievous","pinyin":["guǐ"],"decomposition":"⿸？⿺乚厶","etymology":{"type":"pictographic","hint":"A ghost with a scary face"},"radical":"鬼","matches":[null,null,null,null,null,null,[1,0],[1,1],[1,1]]}}]	pictographs_05	A	32	pictographs_03
面	33	miàn	face; surface, side; plane, dimension	面包		a face 自 on a head 囗	Component 面 variant 靣 older 𠚑 | from nose 自 zì and | (rem- 囗 wéi) | C402 麵<麪> A178 面[麵] simp 面. | (name- face 面靣𠚑 miàn)	[{"character":"面","dictionary":{"character":"面","definition":"face; surface, side; plane, dimension","pinyin":["miàn"],"decomposition":"⿱？？","etymology":{"type":"pictographic","hint":"A person's face"},"radical":"面","matches":[null,null,null,null,null,null,null,null,null]}}]	pictographs_03	B	33	pictographs_03
身	34	shēn	body, torso; person; pregnancy	健身房	A pregnant woman	a pregnant woman 有身	Component 身 | (name- person-pregnant 身 shēn)	[{"character":"身","dictionary":{"character":"身","definition":"body, torso; person; pregnancy","pinyin":["shēn"],"decomposition":"？","etymology":{"type":"pictographic","hint":"A pregnant woman"},"radical":"身","matches":[null,null,null,null,null,null,null]}}]	pictographs_03	B	34	pictographs_03
立	35	lì	to stand; to establish, to set up	成立	A man standing on the ground 一	a man standing up on the ground | person standing	Component 立 from 𡗓 | (name- person-stand 立 lì)	[{"character":"立","dictionary":{"character":"立","definition":"to stand; to establish, to set up","pinyin":["lì"],"decomposition":"⿳亠丷一","etymology":{"type":"pictographic","hint":"A man standing on the ground 一"},"radical":"立","matches":[[0],[0],[1],[1],[2]]}}]	pictographs_03	B	35	pictographs_03
老	36	lǎo	old, aged; experienced	老师		an old man with long hair-lao 耂 leaning on a cane 匕	Component 老 | from old-man-remnant 耂 lǎo and | (rem+ 匕 bǐ a-cane). | (name- person-old 老 lǎo)	[{"character":"老","dictionary":{"character":"老","definition":"old, aged; experienced","pinyin":["lǎo"],"decomposition":"⿱耂匕","etymology":{"type":"pictographic","hint":"A person bent over with long hair 匕 and a crutch; compare 耂"},"radical":"老","matches":[[0],[0],[0],[0],[1],[1]]}}]	pictographs_03	B	36	pictographs_03
儿	37	ér	son, child	儿子		in context when pronounced 兒 ní it is not simplified | child with up-raised hands wanting to be picked up	Component 兒 | from person 儿 ér | (not- 皃 mào) | A059 儿[兒] simp 儿. | (name- person-boy (儿)兒 ér)	[{"character":"儿","dictionary":{"character":"儿","definition":"son, child","pinyin":["ér"],"decomposition":"⿰丿乚","etymology":{"type":"pictographic","hint":"Simplified form of 兒, a picture of a child; compare 人"},"radical":"儿","matches":[[0],[1]]}}]	pictographs_03	B	37	pictographs_03
自	38	zì	self; private, personal; from	自行车	A nose; in China, people refer to themselves by pointing to their noses	a nose | Chinese point to their nose when they say I	Component 自 | (name- nose 自 zì)	[{"character":"自","dictionary":{"character":"自","definition":"self; private, personal; from","pinyin":["zì"],"decomposition":"⿻目？","etymology":{"type":"pictographic","hint":"A nose; in China, people refer to themselves by pointing to their noses"},"radical":"自","matches":[null,[0],[0],[0],[0],[0]]}}]	pictographs_04	B	38	pictographs_03
户	39	hù	door; family	窗户	Simplified form of 戶; a door swinging on its hinge	a one leafed door-hu 户戶戸 hù	Component 戶戸 | F033 户戶 simp 户 | (name- door (户)戶戸 hù)	[{"character":"户","dictionary":{"character":"户","definition":"door; family","pinyin":["hù"],"decomposition":"⿱丶尸","etymology":{"type":"pictographic","hint":"Simplified form of 戶; a door swinging on its hinge"},"radical":"户","matches":[[0],[1],[1],[1]]}}]	pictographs_04	B	39	pictographs_03
止	40	zhǐ	to stop, to halt; to detain; to desist	止		a foot moving forward	Component 龰止 | (name- foot-forward 龰止 zhǐ)	[{"character":"止","dictionary":{"character":"止","definition":"to stop, to halt; to detain; to desist","pinyin":["zhǐ"],"decomposition":"⿻上丨","etymology":{"type":"pictographic","hint":"A foot"},"radical":"止","matches":[[0],[0],[1],[0]]}}]	pictographs_05	B	40	pictographs_03
角	41	jiǎo	angle, corner; horn, horn-shaped	角	A rhinoceros or other animal horn	a cow horn	Component 角 older 𧢲 | from (rem- 用 yòng) and | (rem- ⺈) and | (rem- 肉 ròu). | (name- cow-horn 角 jiǎo)	[{"character":"角","dictionary":{"character":"角","definition":"angle, corner; horn, horn-shaped","pinyin":["jiǎo"],"decomposition":"⿱⺈用","etymology":{"type":"pictographic","hint":"A rhinoceros or other animal horn"},"radical":"角","matches":[[0],[0],[1],[1],[1],[1],[1]]}}]	pictographs_05	B	41	pictographs_04
又	42	yòu	and, also, again, in addition	又是	A right hand, representing a pair; compare 左	right hand | A066凤[鳳] | A096欢[歡]雚 C232歡<懽讙驩> | A082观[觀]雚 A207权[權]雚 | A208劝[勸]雚 | A241叹[嘆]堇 C563嘆<歎> | B079难[難]堇 A110艰[艱]堇 | A084汉[漢]堇 A127仅[僅]堇 | A046邓[鄧]登 | A103鸡[鷄]奚 C246 鷄<雞> | A232树[樹]壴 | A263戏[戲]䖒 C609戲<戯> | B028对[對]丵土 | R11𠬤睪 | B081聂[聶]耳 | B096圣[聖] | A087轰[轟]車	PComponent 又 | (name- right-hand 又 yòu)	[{"character":"又","dictionary":{"character":"又","definition":"and, also, again, in addition","pinyin":["yòu"],"decomposition":"？","etymology":{"type":"pictographic","hint":"A right hand, representing a pair; compare 左"},"radical":"又","matches":[null,null]}}]	pictographs_01	B	42	pictographs_04
土	43	tǔ	earth	土豆		a potters wheel with a lump of clay indicating earth, clay, sometimes land	Component 土 mutant 圡 | (name- potters-clay 土 tǔ)	[{"character":"土","dictionary":{"character":"土","definition":"soil, earth; items made of earth","pinyin":["tǔ"],"decomposition":"⿱十一","etymology":{"type":"pictographic","hint":"A lump of clay on a potter's wheel"},"radical":"土","matches":[[0],[0],[1]]}}]	pictographs_01	B	43	pictographs_04
小	44	xiǎo	small	小心	Dividing 八 by a line 亅	from three dots | in context ⺌ | see 少	Component 小 | (name- three-strokes-small 小 xiǎo)	[{"character":"小","dictionary":{"character":"小","definition":"small, tiny, insignificant","pinyin":["xiǎo"],"decomposition":"⿻亅八","etymology":{"type":"ideographic","hint":"Dividing 八 by a line 亅"},"radical":"小","matches":[[0],[1],[1]]}}]	pictographs_01	B	44	pictographs_04
玉	45	yù	jade	玉米		琮 cóng, a type of ritual jade object | 丶 added to distinguish it from person-wang 王 wáng	Component 玉. | (name- jade 玉 yù)	[{"character":"玉","dictionary":{"character":"玉","definition":"jade, gem, precious stone","pinyin":["yù"],"decomposition":"⿻王丶","etymology":{"type":"ideographic","hint":"A necklace 丨 adorned with three pieces of jade"},"radical":"玉","matches":[[0],[0],[0],[0],[1]]}}]	pictographs_01	B	45	pictographs_04
夕	46	xī	evening	名字	A crescent moon		Component 夕 | (name- moon 夕 xī)	[{"character":"夕","dictionary":{"character":"夕","definition":"evening, night, dusk; slanted","pinyin":["xī"],"decomposition":"⿻勹丶","etymology":{"type":"pictographic","hint":"A crescent moon"},"radical":"夕","matches":[[0],[0],[1]]}}]	pictographs_01	B	46	pictographs_04
生	47	shēng	life, lifetime; birth; growth	生活	 A shoot 屮 growing in the soil 土		Component 生 older 𤯓 older 㞢 | from single-grass 屮 chè and | potters-clay 土. | (name- plant 生𤯓㞢 shēng)	[{"character":"生","dictionary":{"character":"生","definition":"life, lifetime; birth; growth","pinyin":["shēng"],"decomposition":"⿻一土","etymology":{"type":"ideographic","hint":" A shoot 屮 growing in the soil 土"},"radical":"生","matches":[null,[0],[1],[1],[1]]}}]	pictographs_01	B	47	pictographs_04
皮	48	pí	skin, hide, fur, feathers	皮带	A hand using a tool 攴 to strip the hide from a carcass		Component 皮 | (name- animal-skin 皮 pí)	[{"character":"皮","dictionary":{"character":"皮","definition":"skin, hide, fur, feathers","pinyin":["pí"],"decomposition":"⿸？攴","etymology":{"type":"pictographic","hint":"A hand using a tool 攴 to strip the hide from a carcass"},"radical":"皮","matches":[null,null,[1],[1],[1]]}}]	pictographs_02	B	48	pictographs_04
金	49	jīn	gold, metal; money	现金		musical bell indicating metal	Component 金 | R09 钅釒金 | (name- metal-bell 金 jīn)	[{"character":"金","dictionary":{"character":"金","definition":"gold, metal; money","pinyin":["jīn"],"decomposition":"⿱人⿻王丷","etymology":{"type":"pictographic","hint":"A cast-iron bell"},"radical":"金","matches":[[0],[0],[1,0],[1,0],[1,0],[1,1],[1,1],[1,0]]}}]	pictographs_02	B	49	pictographs_04
豆	50	dòu	beans, peas; bean-shaped	豆腐	An old serving dish 口 on a stand with a lid 一		Component 豆 | C132 豆<荳> simp 豆. | (name- ritual-vessel 豆 dòu)	[{"character":"豆","dictionary":{"character":"豆","definition":"beans, peas; bean-shaped","pinyin":["dòu"],"decomposition":"⿳一口⿱丷一","etymology":{"type":"pictographic","hint":"An old serving dish 口 on a stand with a lid 一"},"radical":"豆","matches":[[0],[1],[1],[1],[2,0],[2,0],[2,1]]}}]	pictographs_02	B	50	pictographs_04
食	51	shí	food; to eat	零食		Originally from a man with an open mouth 亼leaning over some food 皀.	Compound 食 | from inverted-mouth 亼 jí and | (rem- 艮 gěn) from | bowl-of-food 皀 jí. | (name- mouth-eating (饣)飠食 shí)	[{"character":"食","dictionary":{"character":"食","definition":"food; to eat","pinyin":["shí"],"decomposition":"⿱人良","etymology":{"type":"pictographic","hint":"A dish of food 良 with a lid on top 人"},"radical":"食","matches":[[0],[0],[1],[1],[1],[1],[1],[1],[1]]}}]	pictographs_02	B	51	pictographs_04
巾	52	jīn	cloth, curtain, handkerchief, towel	围巾		a cloth from a loom	Component 巾 | (name- cloth 巾 jīn)	[{"character":"巾","dictionary":{"character":"巾","definition":"cloth, curtain, handkerchief, towel","pinyin":["jīn"],"decomposition":"⿻冂丨","etymology":{"type":"pictographic","hint":"A curtain or towel hanging from a rack"},"radical":"巾","matches":[[0],[0],[1]]}}]	pictographs_02	B	52	pictographs_04
米	53	mǐ	rice, millet, grain	米饭		a spike of rice, the dots being the kernels | plant	Component 米 | (name- rice 米 mǐ)	[{"character":"米","dictionary":{"character":"米","definition":"rice, millet, grain","pinyin":["mǐ"],"decomposition":"⿻丷木","etymology":{"type":"pictographic","hint":"Grains of rice"},"radical":"米","matches":[[0],[0],[1],[1],[1],[1]]}}]	pictographs_02	B	53	pictographs_04
片	54	piàn	slice, splinter; page, strip	薯片		a wooden strip or board	Component 片 | (name- table-right 片 piàn)	[{"character":"片","dictionary":{"character":"片","definition":"slice, splinter; page, strip","pinyin":["piàn"],"decomposition":"⿸？？","etymology":{"type":"pictographic","hint":"Half of a tree trunk; compare 爿"},"radical":"片","matches":[null,null,null,null]}}]	pictographs_02	B	54	pictographs_04
少	55	shǎo	few, little; less; inadequate	少	Grains of sand; 小 provides the pronunciation and meaning	small 4 grains of sand | double-talk 少 shǎo 眇 miǎo	Component 少 | from three-strokes-small 小 xiǎo and | (rem- 丿piě). | (name- four-strokes-few 少 shǎo)	[{"character":"少","dictionary":{"character":"少","definition":"few, little; less; inadequate","pinyin":["shǎo"],"decomposition":"⿱小丿","etymology":{"type":"pictographic","hint":"Grains of sand; 小 provides the pronunciation and meaning"},"radical":"小","matches":[[0],[0],[0],[1]]}}]	pictographs_02	B	55	pictographs_04
左	56	zuǒ	left; unorthodox, improper	左	A left hand; compare 又	1. The hand that wipes the butt 肛門 疘 | 2. weakness of the left hand | 3. an assistant	Compound 左 | from left-hand 𠂇 zuǒ and | ruler 工𢒄 gōng. | name- left-hand 左 zuǒ	[{"character":"左","dictionary":{"character":"左","definition":"left; unorthodox, improper","pinyin":["zuǒ"],"decomposition":"⿸？工","etymology":{"type":"pictographic","hint":"A left hand; compare 又"},"radical":"工","matches":[null,null,[1],[1],[1]]}}]	pictographs_02	B	56	pictographs_04
农	57	nóng	agriculture, farming; farmer	农村	Simplified form of 農, tilling the field 田 with a hoe 辰	two hands 𦥑 and head 囟 behind a plow 辰	Component 䢉 mutant 農 | from (rem- 曲 qū) from | two-hands 𦥑 jú and | head 囟 xìn and | hoe-plow 辰 chén | C434 農<辳> B083 农[農] new-char 农. | (name- farmer (农)農䢉辳 nóng)	[{"character":"农","dictionary":{"character":"农","definition":"agriculture, farming; farmer","pinyin":["nóng"],"decomposition":"⿻冖？","etymology":{"type":"pictographic","hint":"Simplified form of 農, tilling the field 田 with a hoe 辰"},"radical":"冖","matches":[[0],[0],null,null,null,null]}}]	pictographs_02	B	57	pictographs_04
艸	58	cǎo	grass	艸	Grass sprouting	usually meaning grass 艸 | Korean 艹 | different origins in | 𤰈𦯞 廾𠬞"廾"𡴂 雚 萈 黄黃 兹茲玆 | 芇 )	Component 艹艹艹 older 艸 | from two single-grass 屮 chè | (not- 廾 gǒng) | C050 草<艸> simp 草. | (name- double-grass 艹艹艸艹 cǎo)	[{"character":"艸","dictionary":{"character":"艸","definition":"grass","pinyin":["cǎo"],"decomposition":"⿰屮屮","etymology":{"type":"pictographic","hint":"Grass sprouting"},"radical":"艸","matches":[[0],[0],[0],[1],[1],[1]]}}]	pictographs_03	B	58	pictographs_04
屮	59	chè	sprout	屮		a sprout with leaves	Component 屮. | (name- single-grass 屮 chè)	[{"character":"屮","dictionary":{"character":"屮","definition":"sprout","pinyin":["chè"],"decomposition":"⿻凵丨","etymology":{"type":"pictographic","hint":"A sprout"},"radical":"屮","matches":[[0],[0],[1]]}}]	pictographs_06	B	59	pictographs_05
工	60	gōng	labor, work; laborer, worker	工作	A spade or other workman's tool	𢒄 is a ruler in 式 | 壬 is probably a 扁擔 or carrying pole in most other cases as in 贡貢 | remnant  | phonetic 	Component 工 older 𢒄 | name- carrying-pole 工 gōng | name- ruler 工𢒄 gōng	[{"character":"工","dictionary":{"character":"工","definition":"labor, work; laborer, worker","pinyin":["gōng"],"decomposition":"⿱一丄","etymology":{"type":"pictographic","hint":"A spade or other workman's tool"},"radical":"工","matches":[[0],[1],[1]]}}]	pictographs_04	B	60	pictographs_05
高	61	gāo	tall, lofty; high, elevated	高	A tall palace	tall building	Component 高 | (name- building-tall 高 gāo)	[{"character":"高","dictionary":{"character":"高","definition":"tall, lofty; high, elevated","pinyin":["gāo"],"decomposition":"⿳亠口冋","etymology":{"type":"pictographic","hint":"A tall palace"},"radical":"高","matches":[[0],[0],[1],[1],[1],[2],[2],[2],[2],[2]]}}]	pictographs_04	B	61	pictographs_05
页	62	yè	page, sheet, leaf	页	A person's head		PComponent 頁 older 𩑋 | from person 儿 ér and | head 𦣻首𩠐 shǒu | B120 页[頁] new-char 页. | (name- person-head (页)頁 yè)	[{"character":"页","dictionary":{"character":"页","definition":"page, sheet, leaf","pinyin":["yè"],"decomposition":"⿱？贝","etymology":{"type":"pictographic","hint":"A person's head"},"radical":"页","matches":[null,null,[1],[1],[1],[1]]}}]	pictographs_05	B	62	pictographs_05
爫	63	zhǎo	claws, nails, talons	爫		a hand grabbing something | a claw or hand grabbing from above	Component 爪爫 | name- hand-above 爪 zhuǎ | name- hand-above 爫 zhuǎ	[{"character":"爫","dictionary":{"character":"爫","definition":"claws, nails, talons","pinyin":["zhǎo"],"decomposition":"？","etymology":{"type":"pictographic","hint":"A bird's talons; compare 爪"},"radical":"爫","matches":[null,null,null,null]}}]	pictographs_06	B	63	pictographs_05
冎	64	guǎ	bone	冎	Cross-section of a bone	𠮠 is a component of 别別, a substitute for 剮 | an ox scapula, indicating bone. | see- bone1a 呙咼 guō 冎叧𠮠 guǎ and bone2 歹 dǎi 歺𣦵 è 𡿪𡿩 liè | not- 另 lìng	Component 冎 mutants 𠮠叧. | (name- bone 冎叧𠮠 guǎ)	[{"character":"冎","dictionary":{"character":"冎","definition":"bone","pinyin":["guǎ"],"decomposition":"⿱？冂","etymology":{"type":"pictographic","hint":"Cross-section of a bone"},"radical":"冂","matches":[null,null,null,[1],[1]]}}]	pictographs_06	B	64	pictographs_05
瓦	65	wǎ	tile; pottery, earthenware	瓦	An interlocking roof tile	a roof tile	Component 瓦 | (name- building-tile 瓦 wǎ)	[{"character":"瓦","dictionary":{"character":"瓦","definition":"tile; pottery, earthenware","pinyin":["wǎ"],"decomposition":"？","etymology":{"type":"pictographic","hint":"An interlocking roof tile"},"radical":"瓦","matches":[null,null,null,null]}}]	pictographs_06	B	65	pictographs_05
壴	66	zhù	drum	壴	A drum 口 on a stand with feathers 土 on top	drum on a stand with top decoration | probably a version of 豈 | note 凱	Component 壴 | from (rem+ 豆 dòu drum) and | (rem+ 士 shì decoration on drum). | (name- drum 壴 zhù)	[{"character":"壴","dictionary":{"character":"壴","definition":"drum","pinyin":["zhù"],"decomposition":"⿱土口","etymology":{"type":"pictographic","hint":"A drum 口 on a stand with feathers 土 on top"},"radical":"士","matches":[[0],[0],[0],[1],[1],[1],null,null,null]}}]	pictographs_06	B	66	pictographs_05
戉	67	yuè	halberd, battle-axe	戉	An axe swinging to the left	a long handled tool 戈 with a hook blade	Component 戉 | from (rem- 戈 gē). | name- weapon 戉 yuè	[{"character":"戉","dictionary":{"character":"戉","definition":"halberd, battle-axe","pinyin":["yuè"],"decomposition":"⿰？戈","etymology":{"type":"pictographic","hint":"An axe swinging to the left"},"radical":"戈","matches":[[1],null,[1],[1],[1]]}}]	pictographs_06	B	67	pictographs_05
矦	68	hóu	target in archery	矦	An arrow 矢 hitting a target 厃	person ⺈ who can shoot an arrow - marquis | 侯 mutilation of logically correct 矦 | 亻is erroneous repetition of ⺈	Component 侯 older 矦 | from arrow-in-target 𥎦 hou and | person-top ⺈ rén and | (not- 候𠊱 hou) and | (not- 𥎦 hou). | name- marquis 侯矦 hóu	[{"character":"矦","dictionary":{"character":"矦","definition":"target in archery","pinyin":["hóu"],"decomposition":"⿸厃矢","etymology":{"type":"pictographic","hint":"An arrow 矢 hitting a target 厃"},"radical":"矢","matches":[[0],[0],[0],[0],[1],[1],[1],[1],[1]]}}]	pictographs_06	B	68	pictographs_05
肉	69	ròu	meat; flesh	鸡肉	Meat on the ribs of an animal		Component 肉⺼ | (name- ribs ⺼肉 ròu)	[{"character":"肉","dictionary":{"character":"肉","definition":"meat; flesh","pinyin":["ròu"],"decomposition":"⿻冂仌","etymology":{"type":"pictographic","hint":"Meat on the ribs of an animal"},"radical":"肉","matches":[[0],[0],[1],[1],[1],[1]]}}]	pictographs_02	C	69	pictographs_05
西	70	xī	west, western, westward	西红柿	A bird settling into its nest, representing sunset; compare 東	1 Shuowen - bird 弓 descends on nest at night at sunset 㢴卥 like the sun descends | 2 sometimes looks like basket 甾 of something. see 東西 | 3 possibly a bag of something	Component 西 older 㢴 older 卥 | from (rem- 弓 gōng). | (name- basket-west 西㢴卥𠧧 xi)	[{"character":"西","dictionary":{"character":"西","definition":"west, western, westward","pinyin":["xī"],"decomposition":"⿻兀囗","etymology":{"type":"pictographic","hint":"A bird settling into its nest, representing sunset; compare 東"},"radical":"西","matches":[[0],[1],[1],[0],[0],[1]]}}]	pictographs_02	C	70	pictographs_05
东	71	dōng	east, eastern, eastward	东西	Simplified form of 東, the sun 日 rising behind a tree 木	1 from a package, tied at both ends, containing something 東西 | 2 from 東 or 束 indicating sun behind tree - raising	Component 東 | B025 东[東] | new-char 东 | (name- package-east (东)東 dōng)	[{"character":"东","dictionary":{"character":"东","definition":"east, eastern, eastward","pinyin":["dōng"],"decomposition":"⿻七小","etymology":{"type":"pictographic","hint":"Simplified form of 東, the sun 日 rising behind a tree 木"},"radical":"一","matches":[[0],[0],[1],[1],[1]]}}]	pictographs_02	C	71	pictographs_05
北	72	běi	north; northern; northward	北京		the back 北 faces north 北 when looking at the sundial). | two men back to back | original 北 back-bei 背 bèi	Component 北 | (name- North-back 北 běi)	[{"character":"北","dictionary":{"character":"北","definition":"north; northern; northward","pinyin":["běi"],"decomposition":"⿰？匕","etymology":{"type":"pictographic","hint":"Two people 匕 sitting back-to-back; phonetic loan for \"north\""},"radical":"匕","matches":[null,null,null,[1],[1]]}}]	pictographs_02	C	72	pictographs_05
文	73	wén	culture, literature, writing	中文	A tattooed chest, representing writing	fine cloths have always been a symbol of wealth and culture, heart being the chest | original 文紋 | B084 齐[齊] | B063 刘[劉] | A325 这[這] | B011 产[産] | A320 斋[齋] | A063 坟[墳]	Component 文 | (name- culture-cloths 文 wén)	[{"character":"文","dictionary":{"character":"文","definition":"culture, literature, writing","pinyin":["wén"],"decomposition":"⿱亠乂","etymology":{"type":"pictographic","hint":"A tattooed chest, representing writing"},"radical":"文","matches":[[0],[0],[1],[1]]}}]	pictographs_04	C	73	pictographs_05
几	74	jǐ	small table; how many; a few, some	几		the original machine | a loom with strings and a weaver - many threads, first machine	Component 幾 | from two-threads 𢆶 yōu and | dagger-ax 戈 gē and | person 人 rén | B044 几[幾] simp 几. | (name- loom 幾 jǐ) | (name- stool-loom (几)幾 jǐ)	[{"character":"几","dictionary":{"character":"几","definition":"small table; how many; a few, some","pinyin":["jǐ"],"decomposition":"⿰丿乙","etymology":{"type":"pictographic","hint":"A small table; compare 丌"},"radical":"几","matches":[[0],[1]]}}]	pictographs_04	C	74	pictographs_05
干	75	gàn	arid, dry; to oppose; to offend; to invade	饼干	A club or axe	a fork shaped weapon, sometimes possibly shown with a shield	Component 干 | C180 乾<乹亁> C181 幹<榦> | A071 干[乾gan 幹] A071 乾[乾qián] simp 干. | (name- fork-weapon 干 gàn)	[{"character":"干","dictionary":{"character":"干","definition":"arid, dry; to oppose; to offend; to invade","pinyin":["gàn"],"decomposition":"⿱一十","etymology":{"type":"pictographic","hint":"A club or axe"},"radical":"十","matches":[[0],[1],[1]]}}]	pictographs_04	C	75	pictographs_05
京	76	jīng	capital city	北京		a high building | See high-building-gao 高 gāo	Component 京 | from (rem+ 亠 roof). | (name- building 京 jīng)	[{"character":"京","dictionary":{"character":"京","definition":"capital city","pinyin":["jīng"],"decomposition":"⿳亠口小","etymology":{"type":"pictographic","hint":"A capital building on a hill"},"radical":"亠","matches":[[0],[0],[1],[1],[1],[2],[2],[2]]}}]	pictographs_04	C	76	pictographs_05
平	77	píng	flat, level, even; peaceful	平时	A leveling scale	See 益益 | indicating 水平 flat	Component 平𠀭 | from water 水 shuǐ and | (rem+ 丅 xià flat-surface). | (name- flat-water 平𠀭 píng)	[{"character":"平","dictionary":{"character":"平","definition":"flat, level, even; peaceful","pinyin":["píng"],"decomposition":"⿻干丷","etymology":{"type":"pictographic","hint":"A leveling scale"},"radical":"广","matches":[[0],[1],[1],[0],[0]]}}]	pictographs_04	C	77	pictographs_05
主	78	zhǔ	to own; to host; master; host; lord	主题曲	A lamp 王 with a flame 丶	original- 主炷 | for 主 in 往 see 往	Component 主 | from potters-clay 土 tǔ and | (rem+ 亠 tóu flame) | see 往. | (name- lamp 主 zhǔ)	[{"character":"主","dictionary":{"character":"主","definition":"to own; to host; master; host; lord","pinyin":["zhǔ"],"decomposition":"⿱丶王","etymology":{"type":"pictographic","hint":"A lamp 王 with a flame 丶"},"radical":"丶","matches":[[0],[1],[1],[1],[1]]}}]	pictographs_04	C	78	pictographs_05
能	79	néng	can, may; capable, full of energy	能	A bear's head 厶, body ⺼, and claws 匕	bear which is strong, eating some meat	Component 能 | from (rem- ⺝⺼ yuè) from | ribs ⺼肉 ròu and | mouth 厶 sī and | (rem+ 匕 bǐ the-feet). | (name- bear-can 能 néng)	[{"character":"能","dictionary":{"character":"能","definition":"can, may; capable, full of energy","pinyin":["néng"],"decomposition":"⿰⿱厶⺼⿱匕匕","etymology":{"type":"pictographic","hint":"A bear's head 厶, body ⺼, and claws 匕"},"radical":"⺼","matches":[[0,0],[0,0],[0,1],[0,1],[0,1],[0,1],[1,0],[1,0],[1,1],[1,1]]}}]	pictographs_04	C	79	pictographs_05
九	80	jiǔ	nine	九		believed to be a hand with a hook	Component 九 | (name- number-nine-hook 九 jiǔ)	[{"character":"九","dictionary":{"character":"九","definition":"nine","pinyin":["jiǔ"],"decomposition":"⿻丿乙","etymology":{"type":"pictographic","hint":"An elbow"},"radical":"乙","matches":[[0],[1]]}}]	pictographs_04	C	80	pictographs_05
世	81	shì	generation, era, age; world	世		leaves on a tree 枼 yè indicate life	Component 世 | (name- leaves-of-life 世 shì)	[{"character":"世","dictionary":{"character":"世","definition":"generation, era, age; world","pinyin":["shì"],"decomposition":"⿻廿？","etymology":{"type":"pictographic","hint":"Three leaves on a branch"},"radical":"一","matches":[[0],[0],[0],[0],null]}}]	pictographs_05	C	81	pictographs_05
且	82	qiě	moreover, also (post-subject); about to, will soon (pre-verb)	而且		an ancestral offering shelf | originally pieces of meat can be seen on the shelves	Component 且 older 俎 | from meat-frost 仌 and | (not- 𠔁 bié). | (name- altar 且俎 qiě-jū)	[{"character":"且","dictionary":{"character":"且","definition":"moreover, also (post-subject); about to, will soon (pre-verb)","pinyin":["qiě"],"decomposition":"⿱月一","etymology":{"type":"pictographic","hint":"A stone altar"},"radical":"一","matches":[[0],[0],[0],[0],[1]]}}]	pictographs_05	C	82	pictographs_05
南	83	nán	south; southern; southward	南		Align an iron bar North and South. Hit it with a hammer. It is magnetized from the earths magnetic field. It is a south pointing needle, or compass.	Component 南 older 𡴖 | (name- compass-south 南 nán)	[{"character":"南","dictionary":{"character":"南","definition":"south; southern; southward","pinyin":["nán"],"decomposition":"⿱十⿵冂⿱丷干","etymology":{"type":"pictographic","hint":"A musical bell"},"radical":"十","matches":[[0],[0],[1,0],[1,0],[1,1,0],[1,1,0],[1,1,1],[1,1,1],[1,1,1]]}}]	pictographs_05	C	83	pictographs_06
元	84	yuán	first; dollar; origin; head	元		that which is above 二 or before a man 儿	Component 元 | from person 儿 ér and | (rem+ 二 èr above or before) from | above 𠄠𠄞丄上 shàng. | (name- person-first 元 yuán)	[{"character":"元","dictionary":{"character":"元","definition":"first; dollar; origin; head","pinyin":["yuán"],"decomposition":"⿱二儿","etymology":{"type":"pictographic","hint":"A man 儿 with two lines emphasizing their head 二"},"radical":"儿","matches":[[0],[0],[1],[1]]}}]	pictographs_05	C	84	pictographs_06
云	85	yún	cloud; to say, to speak	云		云 pictograph of a cloud	Compound 雲 from 云 | from rain 雨 yǔ and | cloud-simple 云 yún | B128 云[雲] simp 云. | (name- cloud (云)雲 yún)	[{"character":"云","dictionary":{"character":"云","definition":"cloud; to say, to speak","pinyin":["yún"],"decomposition":"⿱二厶","etymology":{"type":"pictographic","hint":"A cloud"},"radical":"二","matches":[[0],[0],[1],[1]]}}]	pictographs_05	C	85	pictographs_06
射	86	shè	to shoot, to eject, to emit	射	A bow 身 being drawn by a hand 寸	a hand shooting an arrow from a bow	Compound 射 from 𢎤 mutant 䠶 | from (rem- 身 shēn) from | bow 弓 gōng and | arrow 矢 shǐ and | hand-and-thumb 寸 cùn and | right-hand 又 yòu | C520 射<䠶> simp 射. | (name- shoot-arrow 射𢎤䠶 shè)	[{"character":"射","dictionary":{"character":"射","definition":"to shoot, to eject, to emit","pinyin":["shè"],"decomposition":"⿰身寸","etymology":{"type":"pictographic","hint":"A bow 身 being drawn by a hand 寸"},"radical":"寸","matches":[[0],[0],[0],[0],[0],[0],[0],[1],[1],[1]]}}]	pictographs_05	C	86	pictographs_06
宣	87	xuān	to proclaim, to declare, to announce; surname	宣	A palace, where proclamations are made		Compound 宣 | from building 宀 mián and | sun-path (亘)亙𠄢𠄭𠄨 gèn.	[{"character":"宣","dictionary":{"character":"宣","definition":"to proclaim, to declare, to announce; surname","pinyin":["xuān"],"decomposition":"⿱宀亘","etymology":{"type":"pictographic","hint":"A palace, where proclamations are made"},"radical":"宀","matches":[[0],[0],[0],[1],[1],[1],[1],[1],[1]]}}]	pictographs_05	C	87	pictographs_06
默	88	mò	silent; quiet, still; dark	幽默	A dog 犬 watching in the dark 黑		Compound 默 | from black-ink 黑𪐗 hēi and | dog 犬 quǎn.	[{"character":"默","dictionary":{"character":"默","definition":"silent; quiet, still; dark","pinyin":["mò"],"decomposition":"⿰黑犬","etymology":{"type":"pictographic","hint":"A dog 犬 watching in the dark 黑"},"radical":"黑","matches":[[0],[0],[0],[0],[0],[0],[0],[0],[0],[0],[0],[0],[1],[1],[1],[1]]}}]	pictographs_05	C	88	pictographs_06
曲	89	qū	crooked, bent; wrong, false	主题曲	A folded object 曰	a feeding tray - warped board	Component 曲 | C481 麯<[麴]> A206 曲[麯] simp 曲. | (name- warped-tray 曲 qū)	[{"character":"曲","dictionary":{"character":"曲","definition":"crooked, bent; wrong, false","pinyin":["qū"],"decomposition":"⿻曰⿰丨丨","etymology":{"type":"pictographic","hint":"A folded object 曰"},"radical":"曰","matches":[[0],[0],[0],[1,0],[1,1],[0]]}}]	pictographs_05	C	89	pictographs_06
申	90	shēn	to report; to extend; to explain; to declare	申请	A bolt of lightning	工 the sound of thunder | 弓 the shape of lightning | 口 the sound of thunder | lightning as in in 電 | lightning implies god 申神	Component 申 older 𦥔 older 𢑚 older 𠃬 older 𢏚 | (name- lightning 申𦥔𢑚𠃬𢏚 shēn)	[{"character":"申","dictionary":{"character":"申","definition":"to report; to extend; to explain; to declare","pinyin":["shēn"],"decomposition":"⿻日丨","etymology":{"type":"pictographic","hint":"A bolt of lightning"},"radical":"田","matches":[[0],[0],[0],[0],[1]]}}]	pictographs_05	C	90	pictographs_06
兰	91	lán	orchid; elegant, graceful	兰	An orchid in bloom	阑闌 but | A145 兰[蘭] | A146 拦[攔]兰闌 | A147 栏[欄]兰闌 | A148 烂[爛]兰闌	Compound 蘭 | from grass-top 艹艸 cǎo and | phonetic fence (阑)闌 lán | phonetic orchid (兰)蘭 lán | A145 兰[蘭] | new-char 兰.	[{"character":"兰","dictionary":{"character":"兰","definition":"orchid; elegant, graceful","pinyin":["lán"],"decomposition":"⿱丷三","etymology":{"type":"pictographic","hint":"An orchid in bloom"},"radical":"丷","matches":[[0],[0],[1],[1],[1]]}}]	pictographs_05	C	91	pictographs_06
疋	92	pǐ	roll, bolt of cloth; foot	疋	A foot 止 with a leg on top	stone chimes in a row, which must be matched | See 匹配	Component 疋 | same-as 𤴔 | C444 匹<疋> simp 匹. | (name- leg-knee 𤴔疋 shū)	[{"character":"疋","dictionary":{"character":"疋","definition":"roll, bolt of cloth; foot","pinyin":["pǐ"],"decomposition":"？","etymology":{"type":"pictographic","hint":"A foot 止 with a leg on top"},"radical":"疋","matches":[null,null,null,null,null]}}]	pictographs_06	C	92	pictographs_06
辶	93	chuò	to walk; walking	辶		A foot walking on a road. | In ancient characters may appear as 彳 or 止 or both.	Component 辶 older 辵 | from road-left 彳 chì and | foot-forward 龰止 zhǐ | simp 辶. | (name- road-and-foot 辶辶辵 chuò)	[{"character":"辶","dictionary":{"character":"辶","definition":"to walk; walking","pinyin":["chuò"],"decomposition":"？","etymology":{"type":"pictographic","hint":"A foot stepping"},"radical":"辶","matches":[null,null,null]}}]	pictographs_06	C	93	pictographs_06
凵	94	qiǎn	container; receptacle	凵	A tray	Shuowen has two shapes 凵 qiǎn and 𠙴 qū. | They both come from the same ancient pictograph. | 𠙴 from 去. | 凵 in most other cases.	Component 凵 alternate 𠙴. | (name- building-interior 凵𠙴 qiǎn-qū)	[{"character":"凵","dictionary":{"character":"凵","definition":"container; receptacle","pinyin":["qiǎn"],"decomposition":"？","etymology":{"type":"pictographic","hint":"A tray"},"radical":"凵","matches":[null,null]}}]	pictographs_06	C	94	pictographs_06
廴	95	yǐn	to walk, to go; a place	廴		from modified 彳 chì indicating a long road	Component 廴. | (name- road-long 廴 yǐn)	[{"character":"廴","dictionary":{"character":"廴","definition":"to walk, to go; a place","pinyin":["yǐn"],"decomposition":"？","etymology":{"type":"pictographic","hint":"A man walking to the left"},"radical":"廴","matches":[null,null]}}]	pictographs_06	C	95	pictographs_06
言	96	yán	speech	语言		a man standing and speaking to you	Component 言 | from inverted person-stand 立 lì and | mouth 口 kǒu | R01 讠訁言. | (name- mouth-speak 言 yán)	[{"character":"言","dictionary":{"character":"言","definition":"words, speech; to speak, to say","pinyin":["yán"],"decomposition":"⿱亠⿱二口","etymology":{"type":"ideographic","hint":"A tongue sticking out of a mouth 口"},"radical":"言","matches":[[0],[0],[1,0],[1,0],[1,1],[1,1],[1,1]]}}]	pictographs_01	D	96	pictographs_06
了	97	le, liǎo	clear; to finish; particle of completed action	了	A child swaddled in blanklets; compare 子	a swaddled child | 亨𠙶 | 釕钌 | A163 了[瞭] but 尞 is not simplified | A161 疗[療] | A162 辽[遼] | not simplified in | 尞尞 橑橑 蹽蹽 僚僚 嘹嘹 憭憭 寮寮 嫽嫽 撩撩 潦潦 獠獠 燎燎 簝簝 缭繚 镣鐐 髎髎 鹩鷯	Component 了 | A163 了[瞭] | simp 了. | (name- child 了 le)	[{"character":"了","dictionary":{"character":"了","definition":"clear; to finish; particle of completed action","pinyin":["le","liǎo"],"decomposition":"⿱乛亅","etymology":{"type":"pictographic","hint":"A child swaddled in blanklets; compare 子"},"radical":"亅","matches":[[0],[1]]}}]	pictographs_04	D	97	pictographs_06
異	98	yì	different, strange, unusual; foreign; surprising	異		Man holding a mask indicating a different face "other")	Component 異 older 𠔱 | from (rem+ 田 tián a-mask) and | (rem+ 共 gǒng man-holding-the-mask) | C686 异<異> simp 异. | (name- person-mask (异)異𠔱 yì)	[{"character":"異","dictionary":{"character":"異","definition":"different, strange, unusual; foreign; surprising","pinyin":["yì"],"decomposition":"⿱田共","etymology":{"type":"pictographic","hint":"A person with a scary face 田"},"radical":"田","matches":[[0],[0],[0],[0],[0],[1],[1],[1],[1],[1],[1]]}}]	pictographs_06	D	98	pictographs_06
录	99	lù	to copy, to record, to write down	录	A brush used to record stories	cloth water filter	Component 录 older 彔𢑗 | from (rem- 彐彑 jì) and | (rem- 水 shuǐ) | B069 录[録] F035 录彔 simp 录. | (name- filter (录)彔 lù)	[{"character":"录","dictionary":{"character":"录","definition":"to copy, to record, to write down","pinyin":["lù"],"decomposition":"⿱彐氺","etymology":{"type":"pictographic","hint":"A brush used to record stories"},"radical":"彐","matches":[[0],[0],[0],[1],[1],[1],[1],[1]]}}]	pictographs_05	D	99	pictographs_06
丰	100	fēng	abundant, lush, bountiful, plenty	丰	An ear of grass	Sichuan Fengdu 酆都 now 丰都 | a drummer on each side of the drum 壴, not jade, not herbs	Compound 豐 | from (rem- 丰 fēng) and | drum 壴 zhù | B032 丰[豐] simp 丰 | (place name 酆都 > 丰都) | (family name 酆 > 邦) | (Zhou state 酆 > 酆). | (name- drum (丰)豐 fēng)	[{"character":"丰","dictionary":{"character":"丰","definition":"abundant, lush, bountiful, plenty","pinyin":["fēng"],"decomposition":"⿻三丨","etymology":{"type":"pictographic","hint":"An ear of grass"},"radical":"丨","matches":[[0],[0],[0],[1]]}}]	pictographs_06	D	100	pictographs_06
再	101	zài	again, twice, re-	再	Two fish 冉 caught on a line 一	unclear-origin, appears to be half of 冓 gòu	Component 再 variants 𠕅𠕂 | C721 再<𠕅𠕂> simp 再. | (name- again 再𠕅𠕂 zài)	[{"character":"再","dictionary":{"character":"再","definition":"again, twice, re-","pinyin":["zài"],"decomposition":"⿱一冉","etymology":{"type":"pictographic","hint":"Two fish 冉 caught on a line 一"},"radical":"冂","matches":[[0],[1],[1],[1],[1],[1]]}}]	pictographs_04	D	101	pictographs_06
离	102	lí	rare beast; strange; elegant	离	An animal standing straight; 亠 is the head	a net with a handle, like a butterfly net	Component 离 | from (not- 禸 róu) | B058 离[離] simp 离. | (name- strange-animal 离 lí)	[{"character":"离","dictionary":{"character":"离","definition":"rare beast; strange; elegant","pinyin":["lí"],"decomposition":"⿱⿱亠凶禸","etymology":{"type":"pictographic","hint":"An animal standing straight; 亠 is the head"},"radical":"禸","matches":[[0,0],[0,0],[0,1],[0,1],[0,1],[0,1],[1],[1],[1],[1]]}}]	pictographs_04	D	102	pictographs_06
亚	103	yà	Asia; second	亚洲		a house with 4 corners | often can see people and things inside | related meaning the adobe to make the house	Component 亞 | B115 亚[亞] new-char 亚 | (name- building (亚)亞 yà)	[{"character":"亚","dictionary":{"character":"亚","definition":"Asia; second","pinyin":["yà"],"decomposition":"⿱一业","etymology":{"type":"pictographic","hint":"Picture of a cross-shaped house or temple"},"radical":"一","matches":[[0],[1],[1],[1],[1],[1]]}}]	pictographs_04	D	103	pictographs_06
亮	104	liàng	bright, brilliant, radiant, light	漂亮	A lit oil lamp		PComponent 亮 | from person 儿 ér and | building-tall 高 gāo.	[{"character":"亮","dictionary":{"character":"亮","definition":"bright, brilliant, radiant, light","pinyin":["liàng"],"decomposition":"⿳亠口⿱冖几","etymology":{"type":"pictographic","hint":"A lit oil lamp"},"radical":"亠","matches":[[0],[0],[1],[1],[1],[2,0],[2,0],[2,1],[2,1]]}}]	pictographs_04	D	104	pictographs_06
己	105	jǐ	self, oneself; personal, private; 6th heavenly stem	自己	A loom woven with thread	the waft of a loom 𤕦妃改配圮 | phonetic-signific 忌紀纪記记 | see 巳 sì 己 jǐ 已 yǐ | phonetic in 鱾魢屺芑杞玘 | remnant in 岂豈	Component 己 | (name- weft-self 己 jǐ)	[{"character":"己","dictionary":{"character":"己","definition":"self, oneself; personal, private; 6th heavenly stem","pinyin":["jǐ"],"decomposition":"⿱？乚","etymology":{"type":"pictographic","hint":"A loom woven with thread"},"radical":"己","matches":[null,null,[1]]}}]	pictographs_04	D	105	pictographs_06
黄	106	huáng	yellow; surname	黄色	A jade pendant	modern versions have a huang 廿璜 huáng around the neck | 黃道 - the path of the sun, ecliptic | oracle is combination of 大 and 日 or 大 and 口 or Big Sun | 太陽道 also means the path of the big light	Component 黃 | from person-big 大 dà and | sun-day 日 rì and | (rem+ 廿 niàn jade-huang 璜) and | (not- 艹) | simp 黄. | (name- yellow-sun (黄)黃 huáng)	[{"character":"黄","dictionary":{"character":"黄","definition":"yellow; surname","pinyin":["huáng"],"decomposition":"⿱？⿱由八","etymology":{"type":"pictographic","hint":"A jade pendant"},"radical":"黄","matches":[null,null,null,null,[1,0],[1,0],[1,0],[1,0],[1,0],[1,1],[1,1]]}}]	pictographs_05	D	106	pictographs_06
帝	107	dì	supreme ruler, emperor; god	帝	An altar on which a sacrifice is being made	head decorations 揥𪪶楴, ties 缔, sheaf 𥠒 , it shows to the way the kings hair was tied	Component 帝 | (name- sheaf-king 帝 dì)	[{"character":"帝","dictionary":{"character":"帝","definition":"supreme ruler, emperor; god","pinyin":["dì"],"decomposition":"⿱立巾","etymology":{"type":"pictographic","hint":"An altar on which a sacrifice is being made"},"radical":"巾","matches":[[0],[0],[0],[0],[0],[0],[1],[1],[1]]}}]	pictographs_05	D	107	pictographs_06
丁	108	dīng	male adult; robust, vigorous; 4th heavenly stem	丁	A nail	original meaning appears to be "nail", and appears as a circle or square, possibly representing a mortise and tenon | a mortise and tenon, now meaning nail | A045 灯[燈]登	Component 丁 | (name- mortise-tenon-nail 丁 dīng)	[{"character":"丁","dictionary":{"character":"丁","definition":"male adult; robust, vigorous; 4th heavenly stem","pinyin":["dīng"],"decomposition":"一","etymology":{"type":"pictographic","hint":"A nail"},"radical":"一","matches":[[],null]}}]	pictographs_06	D	108	pictographs_06
丧	109	sàng	mourning; mourn; funeral	丧	Simplified form of 喪; to cry 哭 over the dead 亡	original mulberry tree-sang 桑 sāng and mouth-kou 口 kǒu borrowed for sound | 奔喪 喪失	Component 喪 older 𠷔𠸶 | from dog-cry-ku 哭 kū and | person-blind-beggar (亡)兦亾 wáng | A216 丧[喪] | new-char 丧. | (name- funeral (丧)喪𠷔𠸶 sàng)	[{"character":"丧","dictionary":{"character":"丧","definition":"mourning; mourn; funeral","pinyin":["sàng"],"decomposition":"⿱？亡","etymology":{"type":"pictographic","hint":"Simplified form of 喪; to cry 哭 over the dead 亡"},"radical":"十","matches":[null,null,null,null,null,[1],[1],[1]]}}]	pictographs_06	D	109	pictographs_06
癶	110	bō	legs	癶	Two feet		Component(nac) 癶 older 𣥠 | from foot-forward 龰止 zhǐ. | (name- two-feet-forward 癶𣥠 bō)	[{"character":"癶","dictionary":{"character":"癶","definition":"legs","pinyin":["bō"],"decomposition":"⿰？？","etymology":{"type":"pictographic","hint":"Two feet"},"radical":"癶","matches":[null,null,null,null,null]}}]	pictographs_06	D	110	pictographs_06
䍃	111	yóu	vase, pitcher, earthenware	䍃	Pottery; compare 缶	in Japanese kanji, 爫 frequently means meat	Compound 䍃 | from container 缶 fǒu and | (rem- 爫 zhuǎ) from | phonetic ribs 肉 ròu. | (name- container 䍃 yáo)	[{"character":"䍃","dictionary":{"character":"䍃","definition":"vase, pitcher, earthenware","pinyin":["yóu"],"decomposition":"⿱爫缶","etymology":{"type":"pictographic","hint":"Pottery; compare 缶"},"radical":"缶","matches":[[0],[0],[0],[0],[1],[1],[1],[1],[1],[1]]}}]	pictographs_06	D	111	pictographs_06
厷	112	gōng	forearm, upper arm; round	厷	A bent arm; flexing the muscles	a fore-arm 𠂇 with bump 厶 showing muscle	Component 厷 | from left-hand 𠂇 zuǒ and | (rem+ 厶 sī muscle). | (name- fore-arm 厷 gōng)	[{"character":"厷","dictionary":{"character":"厷","definition":"forearm, upper arm; round","pinyin":["gōng"],"decomposition":"⿸？厶","etymology":{"type":"pictographic","hint":"A bent arm; flexing the muscles"},"radical":"厶","matches":[null,null,[1],[1]]}}]	pictographs_06	D	112	pictographs_06
